,,DISTRICT/,,Total,,,
,,,Instruction,Support,Community,Other,Total
,COUNTY,BOCES,Services,Services,Services,Expenditures,Expenditures
,,,,,,,
,ADAMS,MAPLETON 1,,,,,
$ ,Amount,,"38,592,373","25,709,054","779,878","4,153,285","69,234,590"
$ ,Per Pupil,,"5,081","3,385",103,547,"9,115"
% ,All Funds,,55.7 ,37.1 ,1.1 ,6.0 ,100.0 
,,,,,,,
,ADAMS,ADAMS 12 FIVE STAR,,,,,
$ ,Amount,,"221,051,769","120,585,070","1,335,918","51,372,445","394,345,203"
$ ,Per Pupil,,"5,347","2,917",32,"1,243","9,538"
% ,All Funds,,56.1 ,30.6 ,0.3 ,13.0 ,100.0 
,,,,,,,
,ADAMS,ADAMS COUNTY 14,,,,,
$ ,Amount,,"38,196,626","36,456,267","413,091","77,970,868","153,036,852"
$ ,Per Pupil,,"5,516","5,265",60,"11,260","22,100"
% ,All Funds,,25.0 ,23.8 ,0.3 ,50.9 ,100.0 
,,,,,,,
,ADAMS,BRIGHTON 27J,,,,,
$ ,Amount,,"67,423,272","52,627,926","247,509","24,647,115","144,945,822"
$ ,Per Pupil,,"4,392","3,428",16,"1,605","9,441"
% ,All Funds,,46.5 ,36.3 ,0.2 ,17.0 ,100.0 
,,,,,,,
,ADAMS,BENNETT 29J,,,,,
$ ,Amount,,"4,894,710","3,252,791",0,"988,729","9,136,230"
$ ,Per Pupil,,"4,766","3,167",0,963,"8,895"
% ,All Funds,,53.6 ,35.6 ,0.0 ,10.8 ,100.0 
,,,,,,,
,ADAMS,STRASBURG 31J,,,,,
$ ,Amount,,"4,710,647","3,332,579",0,"915,163","8,958,388"
$ ,Per Pupil,,"4,969","3,515",0,965,"9,449"
% ,All Funds,,52.6 ,37.2 ,0.0 ,10.2 ,100.0 
,,,,,,,
,ADAMS,WESTMINSTER 50,,,,,
$ ,Amount,,"51,056,308","43,443,024","314,038","90,681,536","185,494,906"
$ ,Per Pupil,,"5,359","4,560",33,"9,519","19,472"
% ,All Funds,,27.5 ,23.4 ,0.2 ,48.9 ,100.0 
,,,,,,,
,ALAMOSA,ALAMOSA RE-11J,,,,,
$ ,Amount,,"10,151,109","6,700,480",0,"3,627,322","20,478,912"
$ ,Per Pupil,,"4,869","3,214",0,"1,740","9,822"
% ,All Funds,,49.6 ,32.7 ,0.0 ,17.7 ,100.0 
,,,,,,,
,ALAMOSA,SANGRE DE CRISTO RE-22J,,,,,
$ ,Amount,,"1,960,773","1,480,137",0,"302,480","3,743,390"
$ ,Per Pupil,,"6,633","5,007",0,"1,023","12,664"
% ,All Funds,,52.4 ,39.5 ,0.0 ,8.1 ,100.0 
,,,,,,,
,ARAPAHOE,ENGLEWOOD 1,,,,,
$ ,Amount,,"17,587,156","13,168,246","79,692","5,980,424","36,815,518"
$ ,Per Pupil,,"6,193","4,637",28,"2,106","12,964"
% ,All Funds,,47.8 ,35.8 ,0.2 ,16.2 ,100.0 
,,,,,,,
,ARAPAHOE,SHERIDAN 2,,,,,
$ ,Amount,,"10,801,218","9,667,756","143,183","11,341,635","31,953,792"
$ ,Per Pupil,,"7,344","6,574",97,"7,712","21,727"
% ,All Funds,,33.8 ,30.3 ,0.4 ,35.5 ,100.0 
,,,,,,,
,ARAPAHOE,CHERRY CREEK 5,,,,,
$ ,Amount,,"330,909,669","152,863,438","767,392","50,986,603","535,527,101"
$ ,Per Pupil,,"6,561","3,031",15,"1,011","10,618"
% ,All Funds,,61.8 ,28.5 ,0.1 ,9.5 ,100.0 
,,,,,,,
,ARAPAHOE,LITTLETON 6,,,,,
$ ,Amount,,"86,794,549","52,998,671","3,930","13,772,282","153,569,434"
$ ,Per Pupil,,"5,832","3,561",0,925,"10,319"
% ,All Funds,,56.5 ,34.5 ,0.0 ,9.0 ,100.0 
,,,,,,,
,ARAPAHOE,DEER TRAIL 26J,,,,,
$ ,Amount,,"1,357,709","937,452","22,796","54,116","2,372,072"
$ ,Per Pupil,,"8,371","5,780",141,334,"14,624"
% ,All Funds,,57.2 ,39.5 ,1.0 ,2.3 ,100.0 
,,,,,,,
,ARAPAHOE,ADAMS-ARAPAHOE 28J,,,,,
$ ,Amount,,"200,674,335","147,642,301","1,326,773","37,766,625","387,410,034"
$ ,Per Pupil,,"5,409","3,980",36,"1,018","10,443"
% ,All Funds,,51.8 ,38.1 ,0.3 ,9.7 ,100.0 
,,,,,,,
,ARAPAHOE,BYERS 32J,,,,,
$ ,Amount,,"2,853,993","1,852,690","46,011","417,671","5,170,366"
$ ,Per Pupil,,"5,504","3,573",89,806,"9,972"
% ,All Funds,,55.2 ,35.8 ,0.9 ,8.1 ,100.0 
,,,,,,,
,ARCHULETA,ARCHULETA COUNTY 50 JT,,,,,
$ ,Amount,,"7,121,917","7,397,365",0,"1,064,617","15,583,900"
$ ,Per Pupil,,"4,913","5,103",0,734,"10,750"
% ,All Funds,,45.7 ,47.5 ,0.0 ,6.8 ,100.0 
,,,,,,,
,BACA,WALSH RE-1,,,,,
$ ,Amount,,"1,133,545","954,801",0,"9,169","2,097,515"
$ ,Per Pupil,,"7,866","6,626",0,64,"14,556"
% ,All Funds,,54.0 ,45.5 ,0.0 ,0.4 ,100.0 
,,,,,,,
,BACA,PRITCHETT RE-3,,,,,
$ ,Amount,,"606,775","583,207",0,0,"1,189,982"
$ ,Per Pupil,,"10,046","9,656",0,0,"19,702"
% ,All Funds,,51.0 ,49.0 ,0.0 ,0.0 ,100.0 
,,,,,,,
,BACA,SPRINGFIELD RE-4,,,,,
$ ,Amount,,"1,721,448","1,137,949",0,"47,305","2,906,702"
$ ,Per Pupil,,"6,416","4,241",0,176,"10,834"
% ,All Funds,,59.2 ,39.1 ,0.0 ,1.6 ,100.0 
,,,,,,,
,BACA,VILAS RE-5,,,,,
$ ,Amount,,"1,016,922","769,963",0,"26,814","1,813,698"
$ ,Per Pupil,,"4,678","3,542",0,123,"8,343"
% ,All Funds,,56.1 ,42.5 ,0.0 ,1.5 ,100.0 
,,,,,,,
,BACA,CAMPO RE-6,,,,,
$ ,Amount,,"541,233","439,691","1,350",0,"982,274"
$ ,Per Pupil,,"11,516","9,355",29,0,"20,899"
% ,All Funds,,55.1 ,44.8 ,0.1 ,0.0 ,100.0 
,,,,,,,
,BENT,LAS ANIMAS RE-1,,,,,
$ ,Amount,,"2,692,534","1,998,661",0,"217,967","4,909,162"
$ ,Per Pupil,,"5,175","3,841",0,419,"9,435"
% ,All Funds,,54.8 ,40.7 ,0.0 ,4.4 ,100.0 
,,,,,,,
,BENT,MCCLAVE RE-2,,,,,
$ ,Amount,,"1,525,175","1,116,099",764,"141,100","2,783,138"
$ ,Per Pupil,,"5,771","4,223",3,534,"10,530"
% ,All Funds,,54.8 ,40.1 ,0.0 ,5.1 ,100.0 
,,,,,,,
,BOULDER,ST VRAIN VALLEY RE 1J,,,,,
$ ,Amount,,"132,480,552","103,551,201","937,482","40,781,310","277,750,545"
$ ,Per Pupil,,"4,869","3,806",34,"1,499","10,208"
% ,All Funds,,47.7 ,37.3 ,0.3 ,14.7 ,100.0 
,,,,,,,
,BOULDER,BOULDER VALLEY RE 2,,,,,
$ ,Amount,,"183,564,738","136,261,197","4,805,604","30,376,709","355,008,248"
$ ,Per Pupil,,"6,432","4,775",168,"1,064","12,440"
% ,All Funds,,51.7 ,38.4 ,1.4 ,8.6 ,100.0 
,,,,,,,
,CHAFFEE,BUENA VISTA R-31,,,,,
$ ,Amount,,"5,682,589","4,002,157",0,"3,095,071","12,779,817"
$ ,Per Pupil,,"6,158","4,337",0,"3,354","13,849"
% ,All Funds,,44.5 ,31.3 ,0.0 ,24.2 ,100.0 
,,,,,,,
,CHAFFEE,SALIDA R-32,,,,,
$ ,Amount,,"7,329,927","4,340,042",0,"2,302,801","13,972,770"
$ ,Per Pupil,,"6,749","3,996",0,"2,120","12,865"
% ,All Funds,,52.5 ,31.1 ,0.0 ,16.5 ,100.0 
,,,,,,,
,CHEYENNE,KIT CARSON R-1,,,,,
$ ,Amount,,"1,205,614","998,356",0,"31,793","2,235,762"
$ ,Per Pupil,,"10,901","9,027",0,287,"20,215"
% ,All Funds,,53.9 ,44.7 ,0.0 ,1.4 ,100.0 
,,,,,,,
,CHEYENNE,CHEYENNE COUNTY RE-5,,,,,
$ ,Amount,,"1,660,347","1,251,263",0,"727,675","3,639,286"
$ ,Per Pupil,,"9,559","7,204",0,"4,189","20,952"
% ,All Funds,,45.6 ,34.4 ,0.0 ,20.0 ,100.0 
,,,,,,,
,CLEAR CREEK,CLEAR CREEK RE-1,,,,,
$ ,Amount,,"5,476,168","4,751,090",0,"2,076,496","12,303,754"
$ ,Per Pupil,,"6,139","5,326",0,"2,328","13,793"
% ,All Funds,,44.5 ,38.6 ,0.0 ,16.9 ,100.0 
,,,,,,,
,CONEJOS,NORTH CONEJOS RE-1J,,,,,
$ ,Amount,,"5,721,444","3,634,156",0,0,"9,355,600"
$ ,Per Pupil,,"5,507","3,498",0,0,"9,004"
% ,All Funds,,61.2 ,38.8 ,0.0 ,0.0 ,100.0 
,,,,,,,
,CONEJOS,SANFORD 6J,,,,,
$ ,Amount,,"1,859,731","1,170,811",0,"89,083","3,119,624"
$ ,Per Pupil,,"5,617","3,536",0,269,"9,422"
% ,All Funds,,59.6 ,37.5 ,0.0 ,2.9 ,100.0 
,,,,,,,
,CONEJOS,SOUTH CONEJOS RE-10,,,,,
$ ,Amount,,"1,630,178","1,349,669",0,"40,975","3,020,821"
$ ,Per Pupil,,"6,784","5,617",0,171,"12,571"
% ,All Funds,,54.0 ,44.7 ,0.0 ,1.4 ,100.0 
,,,,,,,
,COSTILLA,CENTENNIAL R-1,,,,,
$ ,Amount,,"1,092,926","1,120,145","60,807","6,884,370","9,158,247"
$ ,Per Pupil,,"5,138","5,266",286,"32,367","43,057"
% ,All Funds,,11.9 ,12.2 ,0.7 ,75.2 ,100.0 
,,,,,,,
,COSTILLA,SIERRA GRANDE R-30,,,,,
$ ,Amount,,"1,700,971","1,761,854",0,"1,112,878","4,575,704"
$ ,Per Pupil,,"6,371","6,599",0,"4,168","17,137"
% ,All Funds,,37.2 ,38.5 ,0.0 ,24.3 ,100.0 
,,,,,,,
,CROWLEY,CROWLEY COUNTY RE-1-J,,,,,
$ ,Amount,,"2,374,027","2,248,889",0,"562,816","5,185,732"
$ ,Per Pupil,,"4,994","4,731",0,"1,184","10,908"
% ,All Funds,,45.8 ,43.4 ,0.0 ,10.9 ,100.0 
,,,,,,,
,CUSTER,CONSOLIDATED C-1,,,,,
$ ,Amount,,"2,245,767","1,639,112",0,"442,525","4,327,404"
$ ,Per Pupil,,"5,263","3,841",0,"1,037","10,142"
% ,All Funds,,51.9 ,37.9 ,0.0 ,10.2 ,100.0 
,,,,,,,
,DELTA,DELTA COUNTY 50(J),,,,,
$ ,Amount,,"27,715,991","13,374,636",0,"4,153,773","45,244,399"
$ ,Per Pupil,,"5,505","2,656",0,825,"8,986"
% ,All Funds,,61.3 ,29.6 ,0.0 ,9.2 ,100.0 
,,,,,,,
,DENVER,DENVER COUNTY 1,,,,,
$ ,Amount,,"474,517,651","382,873,858","26,598,350","758,392,218","1,642,382,077"
$ ,Per Pupil,,"6,143","4,956",344,"9,817","21,260"
% ,All Funds,,28.9 ,23.3 ,1.6 ,46.2 ,100.0 
,,,,,,,
,DOLORES,DOLORES COUNTY RE NO.2,,,,,
$ ,Amount,,"1,764,589","1,375,288",0,"356,564","3,496,441"
$ ,Per Pupil,,"6,629","5,166",0,"1,339","13,135"
% ,All Funds,,50.5 ,39.3 ,0.0 ,10.2 ,100.0 
,,,,,,,
,DOUGLAS,DOUGLAS COUNTY RE 1,,,,,
$ ,Amount,,"332,239,033","218,736,354","356,831","123,325,079","674,657,297"
$ ,Per Pupil,,"5,429","3,574",6,"2,015","11,024"
% ,All Funds,,49.2 ,32.4 ,0.1 ,18.3 ,100.0 
,,,,,,,
,EAGLE,EAGLE COUNTY RE 50,,,,,
$ ,Amount,,"36,048,955","31,334,039","201,271","136,524,894","204,109,159"
$ ,Per Pupil,,"5,952","5,174",33,"22,542","33,700"
% ,All Funds,,17.7 ,15.4 ,0.1 ,66.9 ,100.0 
,,,,,,,
,ELBERT,ELIZABETH C-1,,,,,
$ ,Amount,,"11,072,379","10,051,895","230,447","2,239,742","23,594,463"
$ ,Per Pupil,,"4,390","3,986",91,888,"9,355"
% ,All Funds,,46.9 ,42.6 ,1.0 ,9.5 ,100.0 
,,,,,,,
,ELBERT,KIOWA C-2,,,,,
$ ,Amount,,"2,143,528","1,377,857",0,"365,637","3,887,022"
$ ,Per Pupil,,"6,050","3,889",0,"1,032","10,971"
% ,All Funds,,55.1 ,35.4 ,0.0 ,9.4 ,100.0 
,,,,,,,
,ELBERT,BIG SANDY 100J,,,,,
$ ,Amount,,"2,152,759","1,199,882","2,387","215,813","3,570,840"
$ ,Per Pupil,,"7,212","4,020",8,723,"11,963"
% ,All Funds,,60.3 ,33.6 ,0.1 ,6.0 ,100.0 
,,,,,,,
,ELBERT,ELBERT 200,,,,,
$ ,Amount,,"1,489,467","971,845",0,"65,082","2,526,394"
$ ,Per Pupil,,"6,950","4,535",0,304,"11,789"
% ,All Funds,,59.0 ,38.5 ,0.0 ,2.6 ,100.0 
,,,,,,,
,ELBERT,AGATE 300,,,,,
$ ,Amount,,"313,302","401,500",0,"4,521","719,324"
$ ,Per Pupil,,"7,755","9,938",0,112,"17,805"
% ,All Funds,,43.6 ,55.8 ,0.0 ,0.6 ,100.0 
,,,,,,,
,EL PASO,CALHAN RJ-1,,,,,
$ ,Amount,,"2,436,433","1,804,419",0,"141,013","4,381,864"
$ ,Per Pupil,,"4,780","3,540",0,277,"8,597"
% ,All Funds,,55.6 ,41.2 ,0.0 ,3.2 ,100.0 
,,,,,,,
,EL PASO,HARRISON 2,,,,,
$ ,Amount,,"50,841,612","49,179,271","116,458","8,811,435","108,948,776"
$ ,Per Pupil,,"4,890","4,730",11,848,"10,479"
% ,All Funds,,46.7 ,45.1 ,0.1 ,8.1 ,100.0 
,,,,,,,
,EL PASO,WIDEFIELD 3,,,,,
$ ,Amount,,"40,031,148","29,427,340","1,240,763","6,504,028","77,203,279"
$ ,Per Pupil,,"4,620","3,396",143,751,"8,910"
% ,All Funds,,51.9 ,38.1 ,1.6 ,8.4 ,100.0 
,,,,,,,
,EL PASO,FOUNTAIN 8,,,,,
$ ,Amount,,"40,037,752","27,591,929","150,507","1,989,820","69,770,008"
$ ,Per Pupil,,"5,468","3,768",21,272,"9,528"
% ,All Funds,,57.4 ,39.5 ,0.2 ,2.9 ,100.0 
,,,,,,,
,EL PASO,COLORADO SPRINGS 11,,,,,
$ ,Amount,,"151,377,046","130,288,126","947,038","116,584,430","399,196,639"
$ ,Per Pupil,,"5,403","4,650",34,"4,161","14,248"
% ,All Funds,,37.9 ,32.6 ,0.2 ,29.2 ,100.0 
,,,,,,,
,EL PASO,CHEYENNE MOUNTAIN 12,,,,,
$ ,Amount,,"23,437,482","14,072,607","87,198","4,495,438","42,092,724"
$ ,Per Pupil,,"5,350","3,213",20,"1,026","9,609"
% ,All Funds,,55.7 ,33.4 ,0.2 ,10.7 ,100.0 
,,,,,,,
,EL PASO,MANITOU SPRINGS 14,,,,,
$ ,Amount,,"7,767,247","5,429,369","9,075","777,200","13,982,891"
$ ,Per Pupil,,"5,433","3,798",6,544,"9,780"
% ,All Funds,,55.5 ,38.8 ,0.1 ,5.6 ,100.0 
,,,,,,,
,EL PASO,ACADEMY 20,,,,,
$ ,Amount,,"118,822,344","78,960,290","84,986","22,544,373","220,411,993"
$ ,Per Pupil,,"5,230","3,475",4,992,"9,701"
% ,All Funds,,53.9 ,35.8 ,0.0 ,10.2 ,100.0 
,,,,,,,
,EL PASO,ELLICOTT 22,,,,,
$ ,Amount,,"4,104,170","3,306,037",0,"773,748","8,183,956"
$ ,Per Pupil,,"4,312","3,474",0,813,"8,599"
% ,All Funds,,50.1 ,40.4 ,0.0 ,9.5 ,100.0 
,,,,,,,
,EL PASO,PEYTON 23 JT,,,,,
$ ,Amount,,"2,755,330","2,104,846",0,"466,297","5,326,473"
$ ,Per Pupil,,"4,285","3,273",0,725,"8,284"
% ,All Funds,,51.7 ,39.5 ,0.0 ,8.8 ,100.0 
,,,,,,,
,EL PASO,HANOVER 28,,,,,
$ ,Amount,,"1,559,803","1,490,865",0,"743,300","3,793,969"
$ ,Per Pupil,,"6,957","6,650",0,"3,315","16,922"
% ,All Funds,,41.1 ,39.3 ,0.0 ,19.6 ,100.0 
,,,,,,,
,EL PASO,LEWIS-PALMER 38,,,,,
$ ,Amount,,"26,777,701","18,788,180","362,927","30,351,042","76,279,849"
$ ,Per Pupil,,"4,644","3,258",63,"5,264","13,229"
% ,All Funds,,35.1 ,24.6 ,0.5 ,39.8 ,100.0 
,,,,,,,
,EL PASO,FALCON 49,,,,,
$ ,Amount,,"58,696,517","52,124,430","12,349","14,938,223","125,771,519"
$ ,Per Pupil,,"4,028","3,577",1,"1,025","8,631"
% ,All Funds,,46.7 ,41.4 ,0.0 ,11.9 ,100.0 
,,,,,,,
,EL PASO,EDISON 54 JT,,,,,
$ ,Amount,,"1,160,643","828,195",0,"29,930","2,018,768"
$ ,Per Pupil,,"6,543","4,669",0,169,"11,380"
% ,All Funds,,57.5 ,41.0 ,0.0 ,1.5 ,100.0 
,,,,,,,
,EL PASO,MIAMI/YODER 60 JT,,,,,
$ ,Amount,,"1,804,560","1,419,999",0,"250,341","3,474,900"
$ ,Per Pupil,,"6,180","4,863",0,857,"11,900"
% ,All Funds,,51.9 ,40.9 ,0.0 ,7.2 ,100.0 
,,,,,,,
,FREMONT,CANON CITY RE-1,,,,,
$ ,Amount,,"17,615,925","11,986,330","167,719","2,385,405","32,155,379"
$ ,Per Pupil,,"4,716","3,209",45,639,"8,609"
% ,All Funds,,54.8 ,37.3 ,0.5 ,7.4 ,100.0 
,,,,,,,
,FREMONT,FLORENCE RE-2,,,,,
$ ,Amount,,"7,190,128","5,309,604","112,421","1,513,888","14,126,041"
$ ,Per Pupil,,"4,505","3,327",70,949,"8,851"
% ,All Funds,,50.9 ,37.6 ,0.8 ,10.7 ,100.0 
,,,,,,,
,FREMONT,COTOPAXI RE-3,,,,,
$ ,Amount,,"1,289,969","1,050,322",0,"216,193","2,556,484"
$ ,Per Pupil,,"6,214","5,059",0,"1,041","12,314"
% ,All Funds,,50.5 ,41.1 ,0.0 ,8.5 ,100.0 
,,,,,,,
,GARFIELD,ROARING FORK RE-1,,,,,
$ ,Amount,,"33,655,873","16,802,711",0,"9,024,390","59,482,974"
$ ,Per Pupil,,"6,446","3,218",0,"1,728","11,392"
% ,All Funds,,56.6 ,28.2 ,0.0 ,15.2 ,100.0 
,,,,,,,
,GARFIELD,GARFIELD RE-2,,,,,
$ ,Amount,,"21,072,230","17,284,815","15,277","30,481,994","68,854,316"
$ ,Per Pupil,,"4,656","3,820",3,"6,736","15,215"
% ,All Funds,,30.6 ,25.1 ,0.0 ,44.3 ,100.0 
,,,,,,,
,GARFIELD,GARFIELD 16,,,,,
$ ,Amount,,"5,788,992","5,186,205",0,"21,289,825","32,265,021"
$ ,Per Pupil,,"5,180","4,641",0,"19,051","28,873"
% ,All Funds,,17.9 ,16.1 ,0.0 ,66.0 ,100.0 
,,,,,,,
,GILPIN,GILPIN COUNTY RE-1,,,,,
$ ,Amount,,"2,427,472","2,365,347",0,"1,830,079","6,622,897"
$ ,Per Pupil,,"7,212","7,027",0,"5,437","19,676"
% ,All Funds,,36.7 ,35.7 ,0.0 ,27.6 ,100.0 
,,,,,,,
,GRAND,WEST GRAND 1-JT.,,,,,
$ ,Amount,,"2,666,643","2,151,749","6,713","8,998,983","13,824,088"
$ ,Per Pupil,,"6,091","4,915",15,"20,555","31,576"
% ,All Funds,,19.3 ,15.6 ,0.0 ,65.1 ,100.0 
,,,,,,,
,GRAND,EAST GRAND 2,,,,,
$ ,Amount,,"7,528,881","5,071,889","1,605","3,166,969","15,769,344"
$ ,Per Pupil,,"5,945","4,005",1,"2,501","12,451"
% ,All Funds,,47.7 ,32.2 ,0.0 ,20.1 ,100.0 
,,,,,,,
,GUNNISON,GUNNISON WATERSHED RE1J,,,,,
$ ,Amount,,"9,863,816","5,884,779",385,"4,556,825","20,305,805"
$ ,Per Pupil,,"5,707","3,405",0,"2,636","11,748"
% ,All Funds,,48.6 ,29.0 ,0.0 ,22.4 ,100.0 
,,,,,,,
,HINSDALE,HINSDALE COUNTY RE 1,,,,,
$ ,Amount,,"783,841","583,495","4,304","95,964","1,467,604"
$ ,Per Pupil,,"9,798","7,294",54,"1,200","18,345"
% ,All Funds,,53.4 ,39.8 ,0.3 ,6.5 ,100.0 
,,,,,,,
,HUERFANO,HUERFANO RE-1,,,,,
$ ,Amount,,"2,785,980","2,214,518",0,"415,699","5,416,197"
$ ,Per Pupil,,"5,090","4,046",0,760,"9,896"
% ,All Funds,,51.4 ,40.9 ,0.0 ,7.7 ,100.0 
,,,,,,,
,HUERFANO,LA VETA RE-2,,,,,
$ ,Amount,,"1,524,342","1,228,264",0,"108,386","2,860,992"
$ ,Per Pupil,,"6,826","5,501",0,485,"12,812"
% ,All Funds,,53.3 ,42.9 ,0.0 ,3.8 ,100.0 
,,,,,,,
,JACKSON,NORTH PARK R-1,,,,,
$ ,Amount,,"1,534,366","1,089,005",0,"3,672","2,627,043"
$ ,Per Pupil,,"8,166","5,796",0,20,"13,981"
% ,All Funds,,58.4 ,41.5 ,0.0 ,0.1 ,100.0 
,,,,,,,
,JEFFERSON,JEFFERSON COUNTY R-1,,,,,
$ ,Amount,,"431,813,744","313,405,360","254,638","179,889,861","925,363,603"
$ ,Per Pupil,,"5,343","3,878",3,"2,226","11,450"
% ,All Funds,,46.7 ,33.9 ,0.0 ,19.4 ,100.0 
,,,,,,,
,KIOWA,EADS RE-1,,,,,
$ ,Amount,,"1,302,931","898,472",0,0,"2,201,402"
$ ,Per Pupil,,"7,553","5,209",0,0,"12,762"
% ,All Funds,,59.2 ,40.8 ,0.0 ,0.0 ,100.0 
,,,,,,,
,KIOWA,PLAINVIEW RE-2,,,,,
$ ,Amount,,"589,997","606,770",0,0,"1,196,767"
$ ,Per Pupil,,"7,613","7,829",0,0,"15,442"
% ,All Funds,,49.3 ,50.7 ,0.0 ,0.0 ,100.0 
,,,,,,,
,KIT CARSON,ARRIBA-FLAGLER C-20,,,,,
$ ,Amount,,"1,219,789","950,059",684,"131,625","2,302,156"
$ ,Per Pupil,,"8,214","6,398",5,886,"15,503"
% ,All Funds,,53.0 ,41.3 ,0.0 ,5.7 ,100.0 
,,,,,,,
,KIT CARSON,HI PLAINS R-23,,,,,
$ ,Amount,,"992,965","779,554",0,"2,898,892","4,671,411"
$ ,Per Pupil,,"8,027","6,302",0,"23,435","37,764"
% ,All Funds,,21.3 ,16.7 ,0.0 ,62.1 ,100.0 
,,,,,,,
,KIT CARSON,STRATTON R-4,,,,,
$ ,Amount,,"1,358,582","1,008,035",0,"5,562","2,372,179"
$ ,Per Pupil,,"7,950","5,898",0,33,"13,881"
% ,All Funds,,57.3 ,42.5 ,0.0 ,0.2 ,100.0 
,,,,,,,
,KIT CARSON,BETHUNE R-5,,,,,
$ ,Amount,,"1,184,342","807,215",0,425,"1,991,982"
$ ,Per Pupil,,"9,724","6,627",0,3,"16,355"
% ,All Funds,,59.5 ,40.5 ,0.0 ,0.0 ,100.0 
,,,,,,,
,KIT CARSON,BURLINGTON RE-6J,,,,,
$ ,Amount,,"3,585,251","2,372,808",0,"543,014","6,501,073"
$ ,Per Pupil,,"4,905","3,246",0,743,"8,893"
% ,All Funds,,55.1 ,36.5 ,0.0 ,8.4 ,100.0 
,,,,,,,
,LAKE,LAKE COUNTY R-1,,,,,
$ ,Amount,,"6,035,723","4,606,608","830,843","282,626","11,755,799"
$ ,Per Pupil,,"5,604","4,277",771,262,"10,914"
% ,All Funds,,51.3 ,39.2 ,7.1 ,2.4 ,100.0 
,,,,,,,
,LA PLATA,DURANGO 9-R,,,,,
$ ,Amount,,"23,808,874","21,037,559","193,299","10,256,392","55,296,124"
$ ,Per Pupil,,"5,417","4,787",44,"2,334","12,581"
% ,All Funds,,43.1 ,38.0 ,0.3 ,18.5 ,100.0 
,,,,,,,
,LA PLATA,BAYFIELD 10 JT-R,,,,,
$ ,Amount,,"6,429,980","4,855,198",0,"1,319,633","12,604,811"
$ ,Per Pupil,,"4,851","3,663",0,996,"9,510"
% ,All Funds,,51.0 ,38.5 ,0.0 ,10.5 ,100.0 
,,,,,,,
,LA PLATA,IGNACIO 11 JT,,,,,
$ ,Amount,,"5,119,414","4,245,105","1,695","3,413,649","12,779,863"
$ ,Per Pupil,,"6,817","5,653",2,"4,545","17,017"
% ,All Funds,,40.1 ,33.2 ,0.0 ,26.7 ,100.0 
,,,,,,,
,LARIMER,POUDRE R-1,,,,,
$ ,Amount,,"145,197,917","125,473,523","527,937","49,060,683","320,260,060"
$ ,Per Pupil,,"5,511","4,763",20,"1,862","12,156"
% ,All Funds,,45.3 ,39.2 ,0.2 ,15.3 ,100.0 
,,,,,,,
,LARIMER,THOMPSON R-2J,,,,,
$ ,Amount,,"72,870,289","52,986,436","1,141,325","13,125,979","140,124,030"
$ ,Per Pupil,,"4,890","3,555",77,881,"9,402"
% ,All Funds,,52.0 ,37.8 ,0.8 ,9.4 ,100.0 
,,,,,,,
,LARIMER,PARK (ESTES PARK) R-3,,,,,
$ ,Amount,,"6,228,674","4,590,407",0,"1,744,531","12,563,611"
$ ,Per Pupil,,"5,632","4,151",0,"1,577","11,361"
% ,All Funds,,49.6 ,36.5 ,0.0 ,13.9 ,100.0 
,,,,,,,
,LAS ANIMAS,TRINIDAD 1,,,,,
$ ,Amount,,"5,896,361","4,579,486",0,"530,700","11,006,547"
$ ,Per Pupil,,"4,285","3,328",0,386,"7,998"
% ,All Funds,,53.6 ,41.6 ,0.0 ,4.8 ,100.0 
,,,,,,,
,LAS ANIMAS,PRIMERO REORGANIZED 2,,,,,
$ ,Amount,,"1,503,828","1,470,940",0,"1,364,021","4,338,788"
$ ,Per Pupil,,"7,837","7,665",0,"7,108","22,610"
% ,All Funds,,34.7 ,33.9 ,0.0 ,31.4 ,100.0 
,,,,,,,
,LAS ANIMAS,HOEHNE REORGANIZED 3,,,,,
$ ,Amount,,"1,528,056","1,372,992",0,"322,030","3,223,077"
$ ,Per Pupil,,"4,191","3,766",0,883,"8,840"
% ,All Funds,,47.4 ,42.6 ,0.0 ,10.0 ,100.0 
,,,,,,,
,LAS ANIMAS,AGUILAR REORGANIZED 6,,,,,
$ ,Amount,,"1,011,951","787,676",0,"83,173","1,882,800"
$ ,Per Pupil,,"10,326","8,038",0,849,"19,212"
% ,All Funds,,53.7 ,41.8 ,0.0 ,4.4 ,100.0 
,,,,,,,
,LAS ANIMAS,BRANSON REORGANIZED 82,,,,,
$ ,Amount,,"1,926,681","1,073,329","18,182",0,"3,018,193"
$ ,Per Pupil,,"4,468","2,489",42,0,"7,000"
% ,All Funds,,63.8 ,35.6 ,0.6 ,0.0 ,100.0 
,,,,,,,
,LAS ANIMAS,KIM REORGANIZED 88,,,,,
$ ,Amount,,"479,408","465,429",0,0,"944,837"
$ ,Per Pupil,,"8,911","8,651",0,0,"17,562"
% ,All Funds,,50.7 ,49.3 ,0.0 ,0.0 ,100.0 
,,,,,,,
,LINCOLN,GENOA-HUGO C-113,,,,,
$ ,Amount,,"1,392,693","865,854",409,"6,830,918","9,089,874"
$ ,Per Pupil,,"8,640","5,371",3,"42,375","56,389"
% ,All Funds,,15.3 ,9.5 ,0.0 ,75.1 ,100.0 
,,,,,,,
,LINCOLN,LIMON RE-4J,,,,,
$ ,Amount,,"2,568,930","1,681,875",312,"242,431","4,493,549"
$ ,Per Pupil,,"5,781","3,785",1,546,"10,111"
% ,All Funds,,57.2 ,37.4 ,0.0 ,5.4 ,100.0 
,,,,,,,
,LINCOLN,KARVAL RE-23,,,,,
$ ,Amount,,"787,294","884,843",0,0,"1,672,137"
$ ,Per Pupil,,"5,880","6,608",0,0,"12,488"
% ,All Funds,,47.1 ,52.9 ,0.0 ,0.0 ,100.0 
,,,,,,,
,LOGAN,VALLEY RE-1,,,,,
$ ,Amount,,"11,995,811","7,664,089","90,640","1,757,535","21,508,075"
$ ,Per Pupil,,"5,313","3,395",40,778,"9,527"
% ,All Funds,,55.8 ,35.6 ,0.4 ,8.2 ,100.0 
,,,,,,,
,LOGAN,FRENCHMAN RE-3,,,,,
$ ,Amount,,"1,575,317","858,711",0,"44,570","2,478,598"
$ ,Per Pupil,,"8,256","4,501",0,234,"12,991"
% ,All Funds,,63.6 ,34.6 ,0.0 ,1.8 ,100.0 
,,,,,,,
,LOGAN,BUFFALO RE-4,,,,,
$ ,Amount,,"1,937,888","1,301,632",0,"160,413","3,399,932"
$ ,Per Pupil,,"6,160","4,137",0,510,"10,807"
% ,All Funds,,57.0 ,38.3 ,0.0 ,4.7 ,100.0 
,,,,,,,
,LOGAN,PLATEAU RE-5,,,,,
$ ,Amount,,"1,768,587","1,132,643",0,"319,084","3,220,314"
$ ,Per Pupil,,"9,643","6,176",0,"1,740","17,559"
% ,All Funds,,54.9 ,35.2 ,0.0 ,9.9 ,100.0 
,,,,,,,
,MESA,DE BEQUE 49JT,,,,,
$ ,Amount,,"1,046,630","830,920",0,"260,763","2,138,313"
$ ,Per Pupil,,"8,817","7,000",0,"2,197","18,014"
% ,All Funds,,48.9 ,38.9 ,0.0 ,12.2 ,100.0 
,,,,,,,
,MESA,PLATEAU VALLEY 50,,,,,
$ ,Amount,,"2,166,845","1,691,216",0,"294,556","4,152,617"
$ ,Per Pupil,,"4,505","3,516",0,612,"8,633"
% ,All Funds,,52.2 ,40.7 ,0.0 ,7.1 ,100.0 
,,,,,,,
,MESA,MESA COUNTY VALLEY 51,,,,,
$ ,Amount,,"106,190,736","76,147,146","368,927","19,619,764","202,326,573"
$ ,Per Pupil,,"5,079","3,642",18,938,"9,677"
% ,All Funds,,52.5 ,37.6 ,0.2 ,9.7 ,100.0 
,,,,,,,
,MINERAL,CREEDE CONSOLIDATED 1,,,,,
$ ,Amount,,"959,760","705,187",0,0,"1,664,947"
$ ,Per Pupil,,"10,617","7,801",0,0,"18,418"
% ,All Funds,,57.6 ,42.4 ,0.0 ,0.0 ,100.0 
,,,,,,,
,MOFFAT,MOFFAT COUNTY RE:NO 1,,,,,
$ ,Amount,,"11,847,752","9,847,861",0,"2,795,616","24,491,229"
$ ,Per Pupil,,"5,393","4,482",0,"1,272","11,148"
% ,All Funds,,48.4 ,40.2 ,0.0 ,11.4 ,100.0 
,,,,,,,
,MONTEZUMA,MONTEZUMA-CORTEZ RE-1,,,,,
$ ,Amount,,"12,641,874","13,196,910",500,"365,709","26,204,993"
$ ,Per Pupil,,"4,554","4,754",0,132,"9,439"
% ,All Funds,,48.2 ,50.4 ,0.0 ,1.4 ,100.0 
,,,,,,,
,MONTEZUMA,DOLORES RE-4A,,,,,
$ ,Amount,,"3,599,801","2,372,604",106,"443,818","6,416,329"
$ ,Per Pupil,,"5,050","3,328",0,623,"9,000"
% ,All Funds,,56.1 ,37.0 ,0.0 ,6.9 ,100.0 
,,,,,,,
,MONTEZUMA,MANCOS RE-6,,,,,
$ ,Amount,,"1,849,377","1,743,483",0,"189,515","3,782,375"
$ ,Per Pupil,,"4,830","4,553",0,495,"9,878"
% ,All Funds,,48.9 ,46.1 ,0.0 ,5.0 ,100.0 
,,,,,,,
,MONTROSE,MONTROSE COUNTY RE-1J,,,,,
$ ,Amount,,"28,549,920","24,783,386","490,290","922,538","54,746,134"
$ ,Per Pupil,,"4,773","4,143",82,154,"9,152"
% ,All Funds,,52.1 ,45.3 ,0.9 ,1.7 ,100.0 
,,,,,,,
,MONTROSE,WEST END RE-2,,,,,
$ ,Amount,,"1,792,548","1,825,346",360,"115,542","3,733,797"
$ ,Per Pupil,,"5,928","6,036",1,382,"12,347"
% ,All Funds,,48.0 ,48.9 ,0.0 ,3.1 ,100.0 
,,,,,,,
,MORGAN,BRUSH RE-2(J),,,,,
$ ,Amount,,"7,236,119","5,562,413",0,"1,114,468","13,913,000"
$ ,Per Pupil,,"4,978","3,827",0,767,"9,571"
% ,All Funds,,52.0 ,40.0 ,0.0 ,8.0 ,100.0 
,,,,,,,
,MORGAN,FORT MORGAN RE-3,,,,,
$ ,Amount,,"13,914,685","11,397,164","349,839","2,155,975","27,817,662"
$ ,Per Pupil,,"4,677","3,831",118,725,"9,350"
% ,All Funds,,50.0 ,41.0 ,1.3 ,7.8 ,100.0 
,,,,,,,
,MORGAN,WELDON VALLEY RE-20(J),,,,,
$ ,Amount,,"1,502,066","915,852","26,145","78,335","2,522,397"
$ ,Per Pupil,,"7,571","4,616",132,395,"12,714"
% ,All Funds,,59.5 ,36.3 ,1.0 ,3.1 ,100.0 
,,,,,,,
,MORGAN,WIGGINS RE-50(J),,,,,
$ ,Amount,,"2,813,464","1,956,966",0,"390,801","5,161,231"
$ ,Per Pupil,,"5,721","3,979",0,795,"10,495"
% ,All Funds,,54.5 ,37.9 ,0.0 ,7.6 ,100.0 
,,,,,,,
,OTERO,EAST OTERO R-1,,,,,
$ ,Amount,,"6,850,352","5,267,039","350,747","840,790","13,308,928"
$ ,Per Pupil,,"5,190","3,990",266,637,"10,083"
% ,All Funds,,51.5 ,39.6 ,2.6 ,6.3 ,100.0 
,,,,,,,
,OTERO,ROCKY FORD R-2,,,,,
$ ,Amount,,"4,258,763","3,234,060","25,181",0,"7,518,004"
$ ,Per Pupil,,"5,244","3,982",31,0,"9,257"
% ,All Funds,,56.6 ,43.0 ,0.3 ,0.0 ,100.0 
,,,,,,,
,OTERO,MANZANOLA 3J,,,,,
$ ,Amount,,"1,149,943","1,220,707","5,125","68,684","2,444,459"
$ ,Per Pupil,,"7,306","7,755",33,436,"15,530"
% ,All Funds,,47.0 ,49.9 ,0.2 ,2.8 ,100.0 
,,,,,,,
,OTERO,FOWLER R-4J,,,,,
$ ,Amount,,"2,437,091","1,401,329",0,"200,990","4,039,410"
$ ,Per Pupil,,"5,956","3,425",0,491,"9,871"
% ,All Funds,,60.3 ,34.7 ,0.0 ,5.0 ,100.0 
,,,,,,,
,OTERO,CHERAW 31,,,,,
$ ,Amount,,"1,375,798","978,940","47,318","33,535","2,435,591"
$ ,Per Pupil,,"6,692","4,761",230,163,"11,846"
% ,All Funds,,56.5 ,40.2 ,1.9 ,1.4 ,100.0 
,,,,,,,
,OTERO,SWINK 33,,,,,
$ ,Amount,,"2,125,168","1,439,478",0,"187,213","3,751,858"
$ ,Per Pupil,,"5,968","4,042",0,526,"10,536"
% ,All Funds,,56.6 ,38.4 ,0.0 ,5.0 ,100.0 
,,,,,,,
,OURAY,OURAY R-1,,,,,
$ ,Amount,,"1,714,541","1,026,349",0,"192,683","2,933,573"
$ ,Per Pupil,,"8,686","5,199",0,976,"14,861"
% ,All Funds,,58.4 ,35.0 ,0.0 ,6.6 ,100.0 
,,,,,,,
,OURAY,RIDGWAY R-2,,,,,
$ ,Amount,,"2,136,945","1,915,540","4,000","801,479","4,857,964"
$ ,Per Pupil,,"6,483","5,812",12,"2,432","14,739"
% ,All Funds,,44.0 ,39.4 ,0.1 ,16.5 ,100.0 
,,,,,,,
,PARK,PLATTE CANYON 1,,,,,
$ ,Amount,,"5,016,206","4,512,437","121,174","900,892","10,550,709"
$ ,Per Pupil,,"4,642","4,175",112,834,"9,763"
% ,All Funds,,47.5 ,42.8 ,1.1 ,8.5 ,100.0 
,,,,,,,
,PARK,PARK COUNTY RE-2,,,,,
$ ,Amount,,"3,909,176","2,590,367","5,055","1,809,226","8,313,824"
$ ,Per Pupil,,"7,579","5,022",10,"3,508","16,118"
% ,All Funds,,47.0 ,31.2 ,0.1 ,21.8 ,100.0 
,,,,,,,
,PHILLIPS,HOLYOKE RE-1J,,,,,
$ ,Amount,,"3,574,683","1,939,499",0,"424,825","5,939,006"
$ ,Per Pupil,,"6,066","3,291",0,721,"10,078"
% ,All Funds,,60.2 ,32.7 ,0.0 ,7.2 ,100.0 
,,,,,,,
,PHILLIPS,HAXTUN RE-2J,,,,,
$ ,Amount,,"2,006,930","1,018,163",0,0,"3,025,093"
$ ,Per Pupil,,"6,911","3,506",0,0,"10,417"
% ,All Funds,,66.3 ,33.7 ,0.0 ,0.0 ,100.0 
,,,,,,,
,PITKIN,ASPEN 1,,,,,
$ ,Amount,,"17,565,169","7,573,062","765,623","7,157,232","33,061,086"
$ ,Per Pupil,,"10,631","4,584",463,"4,332","20,010"
% ,All Funds,,53.1 ,22.9 ,2.3 ,21.6 ,100.0 
,,,,,,,
,PROWERS,GRANADA RE-1,,,,,
$ ,Amount,,"1,625,797","993,843",0,0,"2,619,640"
$ ,Per Pupil,,"7,431","4,542",0,0,"11,973"
% ,All Funds,,62.1 ,37.9 ,0.0 ,0.0 ,100.0 
,,,,,,,
,PROWERS,LAMAR RE-2,,,,,
$ ,Amount,,"7,630,264","4,024,806","94,483","367,468","12,117,021"
$ ,Per Pupil,,"4,845","2,556",60,233,"7,694"
% ,All Funds,,63.0 ,33.2 ,0.8 ,3.0 ,100.0 
,,,,,,,
,PROWERS,HOLLY RE-3,,,,,
$ ,Amount,,"1,712,787","1,052,600","11,538","252,625","3,029,551"
$ ,Per Pupil,,"6,274","3,856",42,925,"11,097"
% ,All Funds,,56.5 ,34.7 ,0.4 ,8.3 ,100.0 
,,,,,,,
,PROWERS,WILEY RE-13 JT,,,,,
$ ,Amount,,"1,517,224","937,172",0,"90,963","2,545,360"
$ ,Per Pupil,,"6,788","4,193",0,407,"11,389"
% ,All Funds,,59.6 ,36.8 ,0.0 ,3.6 ,100.0 
,,,,,,,
,PUEBLO,PUEBLO CITY 60,,,,,
$ ,Amount,,"81,358,675","64,350,400","153,093","8,620,551","154,482,720"
$ ,Per Pupil,,"4,814","3,808",9,510,"9,141"
% ,All Funds,,52.7 ,41.7 ,0.1 ,5.6 ,100.0 
,,,,,,,
,PUEBLO,PUEBLO COUNTY RURAL 70,,,,,
$ ,Amount,,"39,202,790","28,454,268",0,"15,543,040","83,200,098"
$ ,Per Pupil,,"4,509","3,273",0,"1,788","9,569"
% ,All Funds,,47.1 ,34.2 ,0.0 ,18.7 ,100.0 
,,,,,,,
,RIO BLANCO,MEEKER RE1,,,,,
$ ,Amount,,"4,142,780","2,536,129",0,"2,049,331","8,728,240"
$ ,Per Pupil,,"6,422","3,931",0,"3,177","13,530"
% ,All Funds,,47.5 ,29.1 ,0.0 ,23.5 ,100.0 
,,,,,,,
,RIO BLANCO,RANGELY RE-4,,,,,
$ ,Amount,,"3,286,137","2,567,793","14,665","1,826,288","7,694,883"
$ ,Per Pupil,,"7,082","5,534",32,"3,936","16,584"
% ,All Funds,,42.7 ,33.4 ,0.2 ,23.7 ,100.0 
,,,,,,,
,RIO GRANDE,DEL NORTE C-7,,,,,
$ ,Amount,,"2,501,248","1,977,874",0,"559,745","5,038,868"
$ ,Per Pupil,,"4,568","3,612",0,"1,022","9,202"
% ,All Funds,,49.6 ,39.3 ,0.0 ,11.1 ,100.0 
,,,,,,,
,RIO GRANDE,MONTE VISTA C-8,,,,,
$ ,Amount,,"5,115,188","3,907,488",0,"652,047","9,674,722"
$ ,Per Pupil,,"4,632","3,539",0,591,"8,762"
% ,All Funds,,52.9 ,40.4 ,0.0 ,6.7 ,100.0 
,,,,,,,
,RIO GRANDE,SARGENT RE-33J,,,,,
$ ,Amount,,"2,318,615","1,752,677",0,"371,473","4,442,766"
$ ,Per Pupil,,"4,988","3,771",0,799,"9,558"
% ,All Funds,,52.2 ,39.5 ,0.0 ,8.4 ,100.0 
,,,,,,,
,ROUTT,HAYDEN RE-1,,,,,
$ ,Amount,,"3,422,014","2,080,365",0,"514,809","6,017,188"
$ ,Per Pupil,,"8,946","5,439",0,"1,346","15,731"
% ,All Funds,,56.9 ,34.6 ,0.0 ,8.6 ,100.0 
,,,,,,,
,ROUTT,STEAMBOAT SPRINGS RE-2,,,,,
$ ,Amount,,"14,109,462","11,338,586","1,513","13,094,973","38,544,533"
$ ,Per Pupil,,"6,219","4,997",1,"5,772","16,988"
% ,All Funds,,36.6 ,29.4 ,0.0 ,34.0 ,100.0 
,,,,,,,
,ROUTT,SOUTH ROUTT RE 3,,,,,
$ ,Amount,,"3,275,400","2,067,546",0,"850,826","6,193,772"
$ ,Per Pupil,,"8,559","5,403",0,"2,223","16,184"
% ,All Funds,,52.9 ,33.4 ,0.0 ,13.7 ,100.0 
,,,,,,,
,SAGUACHE,MOUNTAIN VALLEY RE 1,,,,,
$ ,Amount,,"1,140,154","908,861","101,304",0,"2,150,319"
$ ,Per Pupil,,"10,180","8,115",905,0,"19,199"
% ,All Funds,,53.0 ,42.3 ,4.7 ,0.0 ,100.0 
,,,,,,,
,SAGUACHE,MOFFAT 2,,,,,
$ ,Amount,,"1,595,884","1,389,496",0,"225,283","3,210,664"
$ ,Per Pupil,,"8,109","7,060",0,"1,145","16,314"
% ,All Funds,,49.7 ,43.3 ,0.0 ,7.0 ,100.0 
,,,,,,,
,SAGUACHE,CENTER 26 JT,,,,,
$ ,Amount,,"4,143,495","3,397,805","72,256","517,054","8,130,611"
$ ,Per Pupil,,"7,056","5,786",123,881,"13,846"
% ,All Funds,,51.0 ,41.8 ,0.9 ,6.4 ,100.0 
,,,,,,,
,SAN JUAN,SILVERTON 1,,,,,
$ ,Amount,,"845,731","565,959","140,194","105,880","1,657,764"
$ ,Per Pupil,,"13,112","8,775","2,174","1,642","25,702"
% ,All Funds,,51.0 ,34.1 ,8.5 ,6.4 ,100.0 
,,,,,,,
,SAN MIGUEL,TELLURIDE R-1,,,,,
$ ,Amount,,"5,813,829","3,274,342","293,039","7,083,367","16,464,577"
$ ,Per Pupil,,"7,480","4,212",377,"9,113","21,182"
% ,All Funds,,35.3 ,19.9 ,1.8 ,43.0 ,100.0 
,,,,,,,
,SAN MIGUEL,NORWOOD R-2J,,,,,
$ ,Amount,,"1,946,035","1,359,275",0,"308,630","3,613,939"
$ ,Per Pupil,,"7,605","5,312",0,"1,206","14,122"
% ,All Funds,,53.8 ,37.6 ,0.0 ,8.5 ,100.0 
,,,,,,,
,SEDGWICK,JULESBURG RE-1,,,,,
$ ,Amount,,"5,111,390","1,835,739",0,"95,701","7,042,830"
$ ,Per Pupil,,"4,753","1,707",0,89,"6,550"
% ,All Funds,,72.6 ,26.1 ,0.0 ,1.4 ,100.0 
,,,,,,,
,SEDGWICK,PLATTE VALLEY RE-3,,,,,
$ ,Amount,,"1,070,787","775,412",0,"72,431","1,918,630"
$ ,Per Pupil,,"8,748","6,335",0,592,"15,675"
% ,All Funds,,55.8 ,40.4 ,0.0 ,3.8 ,100.0 
,,,,,,,
,SUMMIT,SUMMIT RE-1,,,,,
$ ,Amount,,"19,248,191","15,645,247",0,"7,011,895","41,905,334"
$ ,Per Pupil,,"6,524","5,303",0,"2,377","14,203"
% ,All Funds,,45.9 ,37.3 ,0.0 ,16.7 ,100.0 
,,,,,,,
,TELLER,CRIPPLE CREEK-VICTOR RE-1,,,,,
$ ,Amount,,"3,529,278","2,004,716",0,"995,471","6,529,465"
$ ,Per Pupil,,"9,212","5,233",0,"2,598","17,044"
% ,All Funds,,54.1 ,30.7 ,0.0 ,15.2 ,100.0 
,,,,,,,
,TELLER,WOODLAND PARK RE-2,,,,,
$ ,Amount,,"13,286,425","8,239,714",0,"6,372,617","27,898,756"
$ ,Per Pupil,,"5,121","3,176",0,"2,456","10,753"
% ,All Funds,,47.6 ,29.5 ,0.0 ,22.8 ,100.0 
,,,,,,,
,WASHINGTON,AKRON R-1,,,,,
$ ,Amount,,"2,275,232","1,451,820",0,"586,533","4,313,585"
$ ,Per Pupil,,"6,347","4,050",0,"1,636","12,032"
% ,All Funds,,52.7 ,33.7 ,0.0 ,13.6 ,100.0 
,,,,,,,
,WASHINGTON,ARICKAREE R-2,,,,,
$ ,Amount,,"984,713","921,189",0,0,"1,905,902"
$ ,Per Pupil,,"9,788","9,157",0,0,"18,945"
% ,All Funds,,51.7 ,48.3 ,0.0 ,0.0 ,100.0 
,,,,,,,
,WASHINGTON,OTIS R-3,,,,,
$ ,Amount,,"1,406,361","910,343",0,"104,301","2,421,005"
$ ,Per Pupil,,"7,561","4,894",0,561,"13,016"
% ,All Funds,,58.1 ,37.6 ,0.0 ,4.3 ,100.0 
,,,,,,,
,WASHINGTON,LONE STAR 101,,,,,
$ ,Amount,,"1,140,684","932,949",0,0,"2,073,633"
$ ,Per Pupil,,"10,086","8,249",0,0,"18,335"
% ,All Funds,,55.0 ,45.0 ,0.0 ,0.0 ,100.0 
,,,,,,,
,WASHINGTON,WOODLIN R-104,,,,,
$ ,Amount,,"784,060","837,068",0,0,"1,621,128"
$ ,Per Pupil,,"8,578","9,158",0,0,"17,737"
% ,All Funds,,48.4 ,51.6 ,0.0 ,0.0 ,100.0 
,,,,,,,
,WELD,WELD RE-1,,,,,
$ ,Amount,,"9,760,479","6,686,045","15,669","7,513","16,469,706"
$ ,Per Pupil,,"5,398","3,697",9,4,"9,108"
% ,All Funds,,59.3 ,40.6 ,0.1 ,0.0 ,100.0 
,,,,,,,
,WELD,EATON RE-2,,,,,
$ ,Amount,,"8,293,448","4,996,910",750,"1,626,534","14,917,642"
$ ,Per Pupil,,"4,645","2,799",0,911,"8,355"
% ,All Funds,,55.6 ,33.5 ,0.0 ,10.9 ,100.0 
,,,,,,,
,WELD,KEENESBURG RE-3(J),,,,,
$ ,Amount,,"10,622,046","9,074,106","7,631","14,713,779","34,417,562"
$ ,Per Pupil,,"4,959","4,236",4,"6,869","16,068"
% ,All Funds,,30.9 ,26.4 ,0.0 ,42.8 ,100.0 
,,,,,,,
,WELD,WINDSOR RE-4,,,,,
$ ,Amount,,"21,143,929","15,019,541",167,"7,773,752","43,937,389"
$ ,Per Pupil,,"4,719","3,352",0,"1,735","9,805"
% ,All Funds,,48.1 ,34.2 ,0.0 ,17.7 ,100.0 
,,,,,,,
,WELD,JOHNSTOWN-MILIKEN RE-5J,,,,,
$ ,Amount,,"15,869,368","9,017,357",0,"2,305,170","27,191,895"
$ ,Per Pupil,,"5,020","2,852",0,729,"8,601"
% ,All Funds,,58.4 ,33.2 ,0.0 ,8.5 ,100.0 
,,,,,,,
,WELD,GREELEY 6,,,,,
$ ,Amount,,"98,098,896","67,472,364",0,"12,967,190","178,538,450"
$ ,Per Pupil,,"5,100","3,508",0,674,"9,282"
% ,All Funds,,54.9 ,37.8 ,0.0 ,7.3 ,100.0 
,,,,,,,
,WELD,PLATTE VALLEY RE-7,,,,,
$ ,Amount,,"6,308,055","4,611,192",0,"4,322,465","15,241,712"
$ ,Per Pupil,,"5,786","4,229",0,"3,964","13,979"
% ,All Funds,,41.4 ,30.3 ,0.0 ,28.4 ,100.0 
,,,,,,,
,WELD,WELD COUNTY S/D RE-8,,,,,
$ ,Amount,,"12,156,707","10,774,643","13,632","1,157,088","24,102,071"
$ ,Per Pupil,,"5,413","4,797",6,515,"10,731"
% ,All Funds,,50.4 ,44.7 ,0.1 ,4.8 ,100.0 
,,,,,,,
,WELD,AULT-HIGHLAND RE-9,,,,,
$ ,Amount,,"4,213,289","3,346,190",0,"499,243","8,058,723"
$ ,Per Pupil,,"5,165","4,102",0,612,"9,880"
% ,All Funds,,52.3 ,41.5 ,0.0 ,6.2 ,100.0 
,,,,,,,
,WELD,BRIGGSDALE RE-10,,,,,
$ ,Amount,,"1,244,008","1,027,940",0,"412,500","2,684,447"
$ ,Per Pupil,,"8,141","6,727",0,"2,700","17,568"
% ,All Funds,,46.3 ,38.3 ,0.0 ,15.4 ,100.0 
,,,,,,,
,WELD,PRAIRIE RE-11,,,,,
$ ,Amount,,"1,239,597","863,609",0,"257,106","2,360,312"
$ ,Per Pupil,,"7,258","5,056",0,"1,505","13,819"
% ,All Funds,,52.5 ,36.6 ,0.0 ,10.9 ,100.0 
,,,,,,,
,WELD,PAWNEE RE-12,,,,,
$ ,Amount,,"1,088,832","755,669",0,"59,093","1,903,594"
$ ,Per Pupil,,"12,444","8,636",0,675,"21,755"
% ,All Funds,,57.2 ,39.7 ,0.0 ,3.1 ,100.0 
,,,,,,,
,YUMA,YUMA 1,,,,,
$ ,Amount,,"4,767,616","3,060,117",0,"761,281","8,589,015"
$ ,Per Pupil,,"6,156","3,951",0,983,"11,090"
% ,All Funds,,55.5 ,35.6 ,0.0 ,8.9 ,100.0 
,,,,,,,
,YUMA,WRAY RD-2,,,,,
$ ,Amount,,"3,933,428","2,857,350",0,"6,011,673","12,802,451"
$ ,Per Pupil,,"5,749","4,176",0,"8,786","18,712"
% ,All Funds,,30.7 ,22.3 ,0.0 ,47.0 ,100.0 
,,,,,,,
,YUMA,IDALIA RJ-3,,,,,
$ ,Amount,,"1,058,571","957,184",0,"288,434","2,304,189"
$ ,Per Pupil,,"6,786","6,136",0,"1,849","14,770"
% ,All Funds,,45.9 ,41.5 ,0.0 ,12.5 ,100.0 
,,,,,,,
,YUMA,LIBERTY J-4,,,,,
$ ,Amount,,"853,026","707,357",0,0,"1,560,383"
$ ,Per Pupil,,"10,978","9,104",0,0,"20,082"
% ,All Funds,,54.7 ,45.3 ,0.0 ,0.0 ,100.0 
,,,,,,,
,,CHARTER SCHOOL INSTITUTE,,,,,
$ ,Amount,,"40,561,158","40,549,832","254,978","6,088,775","87,454,743"
$ ,Per Pupil,,"3,593","3,592",23,539,"7,746"
% ,All Funds,,46.4 ,46.4 ,0.3 ,7.0 ,100.0 
,,,,,,,
,,GLOBAL VILLAGE CHARTER COLLABORATIVE,,,,,
$ ,Amount,,0,"1,683,729",0,0,"1,683,729"
$ ,Per Pupil,,,,,,
% ,All Funds,,0.0 ,100.0 ,0.0 ,0.0 ,100.0 
,,,,,,,
,,EAST CENTRAL BOCES,,,,,
$ ,Amount,,"4,577,721","3,329,919",0,0,"7,907,641"
,,,,,,,
% ,All Funds,,57.9 ,42.1 ,0.0 ,0.0 ,100.0 
,,,,,,,
,,MOUNTAIN BOCES,,,,,
$ ,Amount,,"5,512,164","6,264,870","13,585","765,363","12,555,983"
,,,,,,,
% ,All Funds,,43.9 ,49.9 ,0.1 ,6.1 ,100.0 
,,,,,,,
,,CENTENNIAL BOCES,,,,,
$ ,Amount,,"2,547,549","8,560,211","248,347","227,142","11,583,249"
,,,,,,,
% ,All Funds,,22.0 ,73.9 ,2.1 ,2.0 ,100.0 
,,,,,,,
,,NORTHEAST BOCES,,,,,
$ ,Amount,,"2,037,971","3,011,006","2,405","86,444","5,137,827"
,,,,,,,
% ,All Funds,,39.7 ,58.6 ,0.0 ,1.7 ,100.0 
,,,,,,,
,,PIKES PEAK BOCES,,,,,
$ ,Amount,,"6,354,151","3,971,419",0,"75,821","10,401,391"
,,,,,,,
% ,All Funds,,61.1 ,38.2 ,0.0 ,0.7 ,100.0 
,,,,,,,
,,SAN JUAN BOCES,,,,,
$ ,Amount,,"3,921,999","4,631,566",0,"207,948","8,761,513"
,,,,,,,
% ,All Funds,,44.8 ,52.9 ,0.0 ,2.4 ,100.0 
,,,,,,,
,,SAN LUIS VALLEY BOCES,,,,,
$ ,Amount,,"1,916,896","2,829,101","311,383",0,"5,057,380"
,,,,,,,
% ,All Funds,,37.9 ,55.9 ,6.2 ,0.0 ,100.0 
,,,,,,,
,,SOUTH CENTRAL BOCES,,,,,
$ ,Amount,,"1,059,706","3,138,114","40,181","171,729","4,409,731"
,,,,,,,
% ,All Funds,,24.0 ,71.2 ,0.9 ,3.9 ,100.0 
,,,,,,,
,,SOUTHEASTERN BOCES,,,,,
$ ,Amount,,"791,766","1,685,263",0,0,"2,477,029"
,,,,,,,
% ,All Funds,,32.0 ,68.0 ,0.0 ,0.0 ,100.0 
,,,,,,,
,,NORTHWEST BOCES,,,,,
$ ,Amount,,"1,301,904","2,100,785",0,"40,888","3,443,577"
,,,,,,,
% ,All Funds,,37.8 ,61.0 ,0.0 ,1.2 ,100.0 
,,,,,,,
,,ADAMS COUNTY BOCES,,,,,
$ ,Amount,,0,"705,524",0,0,"705,524"
,,,,,,,
% ,All Funds,,0.0 ,100.0 ,0.0 ,0.0 ,100.0 
,,,,,,,
,,RIO BLANCO BOCES,,,,,
$ ,Amount,,"1,529,135","641,138",0,0,"2,170,273"
,,,,,,,
% ,All Funds,,70.5 ,29.5 ,0.0 ,0.0 ,100.0 
,,,,,,,
,,EXPEDITIONARY BOCES,,,,,
$ ,Amount,,"2,683,142","536,963",0,0,"3,220,105"
,,,,,,,
% ,All Funds,,83.3 ,16.7 ,0.0 ,0.0 ,100.0 
,,,,,,,
,,GRAND VALLEY BOCES,,,,,
$ ,Amount,,"1,151,188","1,419,707","32,936",0,"2,603,831"
,,,,,,,
% ,All Funds,,44.2 ,54.5 ,1.3 ,0.0 ,100.0 
,,,,,,,
,,MT EVANS BOCES,,,,,
$ ,Amount,,"855,174","169,873",0,0,"1,025,047"
,,,,,,,
% ,All Funds,,83.4 ,16.6 ,0.0 ,0.0 ,100.0 
,,,,,,,
,,UNCOMPAHGRE BOCES,,,,,
$ ,Amount,,"385,239","555,408",0,"12,158","952,805"
,,,,,,,
% ,All Funds,,40.4 ,58.3 ,0.0 ,1.3 ,100.0 
,,,,,,,
,,SANTA FE TRAIL BOCES,,,,,
$ ,Amount,,"951,043","1,321,342",0,0,"2,272,385"
,,,,,,,
% ,All Funds,,41.9 ,58.1 ,0.0 ,0.0 ,100.0 
,,,,,,,
,,FRONT RANGE BOCES,,,,,
$ ,Amount,,0,0,0,0,0
,,,,,,,
% ,All Funds,,0.0 ,0.0 ,0.0 ,0.0 ,0.0 
,,,,,,,
,,UTE PASS BOCES,,,,,
$ ,Amount,,"1,443,516","434,158",0,0,"1,877,674"
,,,,,,,
% ,All Funds,,76.9 ,23.1 ,0.0 ,0.0 ,100.0 
,,,,,,,
,DISTRICT/CSI TOTALS,,,,,,
$ ,Amount,,"4,465,293,340","3,216,042,573","48,790,497","2,227,359,570","9,957,485,980"
$ ,Per Pupil,," 5,461 "," 3,933 ", 60 ," 2,724 "," 12,698 "
% ,All Funds,,44.8 ,32.3 ,0.5 ,22.4 ,100.0 
,,,,,,,
,BOCES/COLLABORATIVE TOTALS,,,,,,
$ ,Amount,,"39,020,267","46,990,096","648,837","1,587,493","88,246,693"
,,,,,,,
% ,All Funds,,44.2 ,53.2 ,0.7 ,1.8 ,100.0 
,,,,,,,
,STATE TOTALS,,,,,,
$ ,Amount,,"4,504,313,607","3,263,032,668","49,439,334","2,228,947,063","10,045,732,673"
$ ,Per Pupil,," 5,509 "," 3,991 ", 60 ," 2,726 "," 12,286 "
% ,All Funds,,44.8 ,32.5 ,0.5 ,22.2 ,100.0 