,district_id,school,school_id,eng_yn,math_yn,read_yn,sci_yn,year
0,10.0,MAPLETON EXPEDITIONARY SCHOOL OF THE ARTS,187.0,0.0,0.0,0.0,0.0,2010
1,10.0,MAPLETON EARLY COLLEGE HIGH SCHOOL,212.0,1.0,0.0,0.0,0.0,2010
2,10.0,WELBY NEW TECHNOLOGY,221.0,0.0,0.0,0.0,0.0,2010
3,10.0,GLOBAL LEADERSHIP ACADEMY,263.0,0.0,0.0,0.0,0.0,2010
4,10.0,SKYVIEW ACADEMY HIGH SCHOOL,309.0,0.0,0.0,0.0,0.0,2010
5,10.0,YORK INTERNATIONAL,503.0,1.0,0.0,0.0,0.0,2010
6,20.0,ACADEMY OF CHARTER SCHOOLS,15.0,1.0,0.0,0.0,0.0,2010
7,20.0,VANTAGE POINT,210.0,0.0,0.0,0.0,0.0,2010
8,20.0,COLORADO VIRTUAL ACADEMY (COVA),1752.0,1.0,0.0,0.0,0.0,2010
9,20.0,HORIZON HIGH SCHOOL,4108.0,1.0,0.0,0.0,0.0,2010
10,20.0,LEGACY HIGH SCHOOL,5043.0,1.0,0.0,0.0,0.0,2010
11,20.0,THORNTON HIGH SCHOOL,5816.0,1.0,0.0,0.0,0.0,2010
12,20.0,MOUNTAIN RANGE HIGH SCHOOL,6060.0,1.0,0.0,0.0,0.0,2010
13,20.0,NEW AMERICA SCHOOL,6261.0,0.0,0.0,0.0,0.0,2010
14,20.0,NORTHGLENN HIGH SCHOOL,6402.0,0.0,0.0,0.0,0.0,2010
15,30.0,LESTER R ARNOLD HIGH SCHOOL,22.0,0.0,0.0,0.0,0.0,2010
16,30.0,ADAMS CITY HIGH SCHOOL,24.0,0.0,0.0,0.0,0.0,2010
17,40.0,BRIGHTON HERITAGE ACADEMY,1021.0,0.0,0.0,0.0,0.0,2010
18,40.0,BRIGHTON HIGH SCHOOL,1022.0,1.0,0.0,0.0,0.0,2010
19,40.0,BRIGHTON COLLEGIATE HIGH SCHOOL,1027.0,1.0,0.0,0.0,0.0,2010
20,40.0,PRAIRIE VIEW HIGH SCHOOL,7129.0,0.0,0.0,0.0,0.0,2010
21,50.0,BENNETT HIGH SCHOOL,775.0,1.0,0.0,0.0,0.0,2010
22,60.0,STRASBURG HIGH SCHOOL,8334.0,1.0,0.0,0.0,0.0,2010
23,70.0,HIDDEN LAKE HIGH SCHOOL,3931.0,0.0,0.0,0.0,0.0,2010
24,70.0,WESTMINSTER HIGH SCHOOL,9466.0,0.0,0.0,0.0,0.0,2010
25,100.0,ALAMOSA HIGH SCHOOL,118.0,0.0,0.0,0.0,0.0,2010
26,100.0,ALAMOSA OPEN SCHOOL,119.0,0.0,0.0,0.0,0.0,2010
27,120.0,COLORADO'S FINEST ALTERNATIVE HIGH SCHOOL,206.0,0.0,0.0,0.0,0.0,2010
28,120.0,ENGLEWOOD HIGH SCHOOL,2746.0,0.0,0.0,0.0,0.0,2010
29,123.0,SHERIDAN HIGH SCHOOL,7842.0,0.0,0.0,0.0,0.0,2010
30,130.0,CHEROKEE TRAIL HIGH SCHOOL,1551.0,1.0,0.0,0.0,0.0,2010
31,130.0,CHERRY CREEK HIGH SCHOOL,1570.0,1.0,1.0,1.0,1.0,2010
32,130.0,EAGLECREST HIGH SCHOOL,2357.0,1.0,0.0,0.0,0.0,2010
33,130.0,GRANDVIEW HIGH SCHOOL,3589.0,1.0,0.0,1.0,0.0,2010
34,130.0,OVERLAND HIGH SCHOOL,6625.0,0.0,0.0,0.0,0.0,2010
35,130.0,SMOKY HILL HIGH SCHOOL,8020.0,1.0,0.0,0.0,0.0,2010
36,140.0,ARAPAHOE HIGH SCHOOL,298.0,1.0,1.0,1.0,0.0,2010
37,140.0,HERITAGE HIGH SCHOOL,3930.0,1.0,0.0,1.0,0.0,2010
38,140.0,LITTLETON HIGH SCHOOL,5224.0,1.0,0.0,0.0,0.0,2010
39,180.0,AURORA CENTRAL HIGH SCHOOL,1458.0,0.0,0.0,0.0,0.0,2010
40,180.0,GATEWAY HIGH SCHOOL,3354.0,0.0,0.0,0.0,0.0,2010
41,180.0,HINKLEY HIGH SCHOOL,4024.0,0.0,0.0,0.0,0.0,2010
42,180.0,NEW AMERICA SCHOOL,6219.0,0.0,0.0,0.0,0.0,2010
43,180.0,RANGEVIEW HIGH SCHOOL,7250.0,0.0,0.0,0.0,0.0,2010
44,180.0,WILLIAM SMITH HIGH SCHOOL,8356.0,0.0,0.0,0.0,0.0,2010
45,190.0,BYERS JUNIOR-SENIOR HIGH SCHOOL,1176.0,1.0,0.0,0.0,0.0,2010
46,220.0,PAGOSA SPRINGS HIGH SCHOOL,6658.0,0.0,0.0,0.0,0.0,2010
47,250.0,SPRINGFIELD HIGH SCHOOL,8168.0,1.0,0.0,0.0,0.0,2010
48,260.0,V.I.L.A.S. ONLINE SCHOOL,9085.0,0.0,0.0,0.0,0.0,2010
49,260.0,VILAS UNDIVIDED HIGH SCHOOL,9100.0,0.0,0.0,0.0,0.0,2010
50,290.0,LAS ANIMAS HIGH SCHOOL,4990.0,1.0,0.0,0.0,0.0,2010
51,310.0,MC CLAVE UNDIVIDED HIGH SCHOOL,5670.0,0.0,0.0,0.0,0.0,2010
52,470.0,ERIE HIGH SCHOOL,2761.0,1.0,0.0,0.0,0.0,2010
53,470.0,FREDERICK SENIOR HIGH SCHOOL,3196.0,1.0,0.0,0.0,0.0,2010
54,470.0,LONGMONT HIGH SCHOOL,5282.0,1.0,0.0,0.0,0.0,2010
55,470.0,LYONS MIDDLE/SENIOR HIGH SCHOOL,5368.0,1.0,1.0,1.0,0.0,2010
56,470.0,NIWOT HIGH SCHOOL,6276.0,1.0,0.0,1.0,0.0,2010
57,470.0,OLDE COLUMBINE HIGH SCHOOL,6498.0,0.0,0.0,0.0,0.0,2010
58,470.0,SILVER CREEK HIGH SCHOOL,7789.0,1.0,0.0,1.0,0.0,2010
59,470.0,SKYLINE HIGH SCHOOL,7954.0,1.0,0.0,0.0,0.0,2010
60,480.0,ARAPAHOE RIDGE HIGH SCHOOL,125.0,0.0,0.0,0.0,0.0,2010
61,480.0,BOULDER HIGH SCHOOL,924.0,1.0,1.0,1.0,1.0,2010
62,480.0,BOULDER PREP CHARTER HIGH SCHOOL,934.0,0.0,0.0,0.0,0.0,2010
63,480.0,BROOMFIELD HIGH SCHOOL,1070.0,1.0,0.0,1.0,0.0,2010
64,480.0,CENTAURUS HIGH SCHOOL,1380.0,1.0,0.0,0.0,0.0,2010
65,480.0,FAIRVIEW HIGH SCHOOL,2892.0,1.0,1.0,1.0,1.0,2010
66,480.0,JUSTICE HIGH CHARTER SCHOOL,4496.0,0.0,0.0,0.0,0.0,2010
67,480.0,MONARCH HIGH SCHOOL,5999.0,1.0,1.0,1.0,0.0,2010
68,480.0,NEW VISTA HIGH SCHOOL,6195.0,1.0,0.0,0.0,0.0,2010
69,480.0,NEDERLAND MIDDLE-SENIOR HIGH SCHOOL,6212.0,1.0,0.0,0.0,0.0,2010
70,480.0,PEAK TO PEAK CHARTER SCHOOL,6816.0,1.0,1.0,1.0,1.0,2010
71,490.0,BUENA VISTA HIGH SCHOOL,1130.0,1.0,0.0,1.0,0.0,2010
72,490.0,CHAFFEE COUNTY HIGH SCHOOL,1508.0,0.0,0.0,0.0,0.0,2010
73,500.0,SALIDA HIGH SCHOOL,7568.0,1.0,0.0,0.0,0.0,2010
74,520.0,CHEYENNE WELLS HIGH SCHOOL,1612.0,1.0,0.0,1.0,0.0,2010
75,540.0,CLEAR CREEK HIGH SCHOOL,4216.0,1.0,0.0,0.0,0.0,2010
76,550.0,CENTAURI HIGH SCHOOL,1378.0,1.0,0.0,0.0,0.0,2010
77,560.0,SANFORD JUNIOR/SENIOR HIGH SCHOOL,7616.0,1.0,0.0,1.0,0.0,2010
78,580.0,ANTONITO HIGH SCHOOL,252.0,0.0,0.0,0.0,0.0,2010
79,640.0,CENTENNIAL HIGH SCHOOL,1398.0,0.0,0.0,0.0,0.0,2010
80,770.0,CROWLEY COUNTY HIGH SCHOOL,2058.0,1.0,0.0,0.0,0.0,2010
81,860.0,CUSTER COUNTY HIGH SCHOOL,2092.0,1.0,0.0,0.0,0.0,2010
82,870.0,CEDAREDGE HIGH SCHOOL,1372.0,1.0,0.0,0.0,0.0,2010
83,870.0,DELTA COUNTY OPPORTUNITY SCHOOL,2155.0,0.0,0.0,0.0,0.0,2010
84,870.0,DELTA HIGH SCHOOL,2164.0,0.0,0.0,0.0,0.0,2010
85,870.0,DELTA VISION SCHOOL,2166.0,1.0,0.0,0.0,0.0,2010
86,870.0,HOTCHKISS HIGH SCHOOL,4128.0,1.0,0.0,0.0,0.0,2010
87,870.0,PAONIA HIGH SCHOOL,6708.0,1.0,0.0,0.0,0.0,2010
88,870.0,SURFACE CREEK VISION SCHOOL,8419.0,1.0,0.0,0.0,0.0,2010
89,880.0,ABRAHAM LINCOLN HIGH SCHOOL,10.0,0.0,0.0,0.0,0.0,2010
90,880.0,RIDGE VIEW ACADEMY CHARTER SCHOOL,40.0,0.0,0.0,0.0,0.0,2010
91,880.0,ACADEMY OF URBAN LEARNING,67.0,0.0,0.0,0.0,0.0,2010
92,880.0,FRED N THOMAS CAREER EDUCATION CENTER,1319.0,1.0,0.0,0.0,0.0,2010
93,880.0,COLORADO HIGH SCHOOL,1748.0,0.0,0.0,0.0,0.0,2010
94,880.0,CONNECTIONS ACADEMY,1887.0,1.0,0.0,0.0,0.0,2010
95,880.0,DENVER CENTER FOR INTERNATIONAL STUDIES,2183.0,1.0,0.0,0.0,0.0,2010
96,880.0,DENVER SCHOOL OF THE ARTS,2184.0,1.0,1.0,0.0,1.0,2010
97,880.0,DENVER SCHOOL OF SCIENCE AND TECHNOLOGY,2185.0,1.0,1.0,1.0,0.0,2010
98,880.0,EAST HIGH SCHOOL,2398.0,1.0,0.0,0.0,0.0,2010
99,880.0,EMILY GRIFFITH OPPORTUNITY SCHOOL,2726.0,0.0,0.0,0.0,0.0,2010
100,880.0,FLORENCE CRITTENTON HIGH SCHOOL,3000.0,0.0,0.0,0.0,0.0,2010
101,880.0,GEORGE WASHINGTON HIGH SCHOOL,3378.0,1.0,0.0,0.0,0.0,2010
102,880.0,JOHN F KENNEDY HIGH SCHOOL,4444.0,0.0,0.0,0.0,0.0,2010
103,880.0,JUSTICE HIGH SCHOOL DENVER,4494.0,0.0,0.0,0.0,0.0,2010
104,880.0,LIFE SKILLS CENTER OF DENVER,5129.0,0.0,0.0,0.0,0.0,2010
105,880.0,MANUAL HIGH SCHOOL,5448.0,0.0,0.0,0.0,0.0,2010
106,880.0,MARTIN LUTHER KING MIDDLE COLLEGE,5605.0,0.0,0.0,0.0,0.0,2010
107,880.0,CONTEMPORARY LEARNING ACADEMY HIGH SCHOOL,5844.0,0.0,0.0,0.0,0.0,2010
108,880.0,MONTBELLO HIGH SCHOOL,5995.0,0.0,0.0,0.0,0.0,2010
109,880.0,NORTH HIGH SCHOOL,6314.0,0.0,0.0,0.0,0.0,2010
110,880.0,BRUCE RANDOLPH SCHOOL,6350.0,0.0,0.0,0.0,0.0,2010
111,880.0,P.S.1 CHARTER SCHOOL,7199.0,0.0,0.0,0.0,0.0,2010
112,880.0,SOUTH HIGH SCHOOL,8086.0,0.0,0.0,0.0,0.0,2010
113,880.0,SOUTHWEST EARLY COLLEGE CHARTER SCHOOL,8132.0,0.0,0.0,0.0,0.0,2010
114,880.0,THOMAS JEFFERSON HIGH SCHOOL,8822.0,1.0,0.0,0.0,0.0,2010
115,880.0,WEST HIGH SCHOOL,9408.0,0.0,0.0,0.0,0.0,2010
116,890.0,DOVE CREEK HIGH SCHOOL,2216.0,0.0,0.0,0.0,0.0,2010
117,900.0,DANIEL C OAKES HIGH SCHOOL--CASTLE ROCK,201.0,1.0,0.0,0.0,0.0,2010
118,900.0,CASTLE VIEW HIGH SCHOOL,1367.0,1.0,0.0,1.0,0.0,2010
119,900.0,CHAPARRAL HIGH SCHOOL,1503.0,1.0,0.0,1.0,0.0,2010
120,900.0,DOUGLAS COUNTY HIGH SCHOOL,2230.0,1.0,0.0,1.0,0.0,2010
121,900.0,EAGLE ACADEMY,2338.0,0.0,0.0,0.0,0.0,2010
122,900.0,HIGHLANDS RANCH HIGH SCHOOL,3980.0,1.0,0.0,1.0,0.0,2010
123,900.0,HOPE ON-LINE,3995.0,0.0,0.0,0.0,0.0,2010
124,900.0,MOUNTAIN VISTA HIGH SCHOOL,6165.0,1.0,1.0,1.0,0.0,2010
125,900.0,PONDEROSA HIGH SCHOOL,7118.0,1.0,0.0,1.0,0.0,2010
126,900.0,ROCK CANYON HIGH SCHOOL,7435.0,1.0,1.0,1.0,0.0,2010
127,900.0,THUNDERRIDGE HIGH SCHOOL,8847.0,1.0,0.0,1.0,0.0,2010
128,910.0,RED CANYON HIGH SCHOOL,205.0,0.0,0.0,0.0,0.0,2010
129,910.0,BATTLE MOUNTAIN HIGH SCHOOL,604.0,0.0,0.0,0.0,0.0,2010
130,910.0,EAGLE VALLEY HIGH SCHOOL,2350.0,1.0,0.0,0.0,0.0,2010
131,910.0,VAIL SKI AND SNOWBOARD ACADEMY (USSA),9061.0,1.0,1.0,1.0,0.0,2010
132,920.0,ELIZABETH HIGH SCHOOL,2608.0,1.0,0.0,0.0,0.0,2010
133,940.0,SIMLA HIGH SCHOOL,7922.0,1.0,0.0,0.0,0.0,2010
134,970.0,CALHAN HIGH SCHOOL,1218.0,1.0,0.0,0.0,0.0,2010
135,980.0,HARRISON HIGH SCHOOL,3806.0,0.0,0.0,0.0,0.0,2010
136,980.0,JAMES IRWIN CHARTER HIGH SCHOOL,4378.0,1.0,1.0,1.0,0.0,2010
137,980.0,NEW HORIZONS DAY SCHOOL,6244.0,0.0,0.0,0.0,0.0,2010
138,980.0,SIERRA HIGH SCHOOL,7882.0,0.0,0.0,0.0,0.0,2010
139,990.0,MESA RIDGE HIGH SCHOOL,5841.0,1.0,0.0,0.0,0.0,2010
140,990.0,DISCOVERY HIGH SCHOOL,9560.0,0.0,0.0,0.0,0.0,2010
141,990.0,WIDEFIELD HIGH SCHOOL,9566.0,1.0,0.0,0.0,0.0,2010
142,1000.0,LORRAINE SECONDARY SCHOOL,203.0,0.0,0.0,0.0,0.0,2010
143,1000.0,FOUNTAIN-FORT CARSON HIGH SCHOOL,3110.0,1.0,0.0,0.0,0.0,2010
144,1010.0,THE BIJOU SCHOOL,871.0,0.0,0.0,0.0,0.0,2010
145,1010.0,CIVA CHARTER ACADEMY,1616.0,0.0,0.0,0.0,0.0,2010
146,1010.0,CORONADO HIGH SCHOOL,1870.0,1.0,0.0,0.0,0.0,2010
147,1010.0,COMMUNITY PREP CHARTER SCHOOL,1885.0,0.0,0.0,0.0,0.0,2010
148,1010.0,DOHERTY HIGH SCHOOL,2202.0,1.0,0.0,0.0,0.0,2010
149,1010.0,NIKOLA TESLA EDUCATION OPPORTUNITY CENTER,2528.0,0.0,0.0,0.0,0.0,2010
150,1010.0,LIFE SKILLS CENTER OF COLORADO SPRINGS,5146.0,0.0,0.0,0.0,0.0,2010
151,1010.0,MITCHELL HIGH SCHOOL,5948.0,0.0,0.0,0.0,0.0,2010
152,1010.0,PALMER HIGH SCHOOL,6680.0,1.0,0.0,1.0,0.0,2010
153,1010.0,WASSON HIGH SCHOOL,9298.0,0.0,0.0,0.0,0.0,2010
154,1020.0,CHEYENNE MOUNTAIN HIGH SCHOOL,1590.0,1.0,1.0,1.0,0.0,2010
155,1030.0,MANITOU SPRINGS HIGH SCHOOL,5468.0,1.0,0.0,0.0,0.0,2010
156,1040.0,AIR ACADEMY HIGH SCHOOL,76.0,1.0,1.0,1.0,0.0,2010
157,1040.0,ASPEN VALLEY HIGH SCHOOL,209.0,1.0,0.0,0.0,0.0,2010
158,1040.0,THE CLASSICAL ACADEMY HIGH SCHOOL,1630.0,1.0,1.0,1.0,1.0,2010
159,1040.0,DISCOVERY CANYON CAMPUS SCHOOL,2195.0,1.0,1.0,0.0,0.0,2010
160,1040.0,LIBERTY HIGH SCHOOL,5126.0,1.0,0.0,0.0,0.0,2010
161,1040.0,PINE CREEK HIGH SCHOOL,6937.0,1.0,0.0,0.0,0.0,2010
162,1040.0,RAMPART HIGH SCHOOL,7240.0,1.0,0.0,1.0,0.0,2010
163,1050.0,ELLICOTT SENIOR HIGH SCHOOL,2642.0,0.0,0.0,0.0,0.0,2010
164,1060.0,PEYTON JUNIOR/SENIOR HIGH SCHOOL,6902.0,1.0,0.0,0.0,0.0,2010
165,1080.0,LEWIS-PALMER HIGH SCHOOL,5100.0,1.0,1.0,1.0,0.0,2010
166,1080.0,PALMER RIDGE HIGH SCHOOL,6678.0,1.0,0.0,1.0,0.0,2010
167,1110.0,FALCON HIGH SCHOOL,2908.0,1.0,0.0,0.0,0.0,2010
168,1110.0,PATRIOT LEARNING CENTER,6810.0,0.0,0.0,0.0,0.0,2010
169,1110.0,SAND CREEK HIGH SCHOOL,7613.0,1.0,0.0,0.0,0.0,2010
170,1110.0,VISTA RIDGE HIGH SCHOOL,8791.0,1.0,0.0,0.0,0.0,2010
171,1130.0,MIAMI-YODER SENIOR HIGH SCHOOL,5854.0,1.0,0.0,0.0,0.0,2010
172,1140.0,CANON CITY HIGH SCHOOL,1266.0,1.0,0.0,0.0,0.0,2010
173,1140.0,GARDEN PARK HIGH SCHOOL,3211.0,0.0,0.0,0.0,0.0,2010
174,1150.0,FLORENCE HIGH SCHOOL,3002.0,1.0,0.0,0.0,0.0,2010
175,1160.0,COTOPAXI JUNIOR-SENIOR HIGH SCHOOL,3228.0,0.0,0.0,0.0,0.0,2010
176,1180.0,BASALT HIGH SCHOOL,570.0,1.0,0.0,0.0,0.0,2010
177,1180.0,BRIDGES,1006.0,1.0,0.0,0.0,0.0,2010
178,1180.0,GLENWOOD SPRINGS HIGH SCHOOL,3468.0,1.0,0.0,0.0,0.0,2010
179,1180.0,ROARING FORK HIGH SCHOOL,7422.0,1.0,0.0,0.0,0.0,2010
180,1195.0,COAL RIDGE HIGH SCHOOL,65.0,1.0,0.0,0.0,0.0,2010
181,1195.0,KAPLAN ACADEMY OF COLORADO,3325.0,1.0,0.0,0.0,0.0,2010
182,1195.0,RIFLE HIGH SCHOOL,7360.0,1.0,0.0,0.0,0.0,2010
183,1220.0,GRAND VALLEY HIGH SCHOOL,3586.0,0.0,0.0,0.0,0.0,2010
184,1340.0,WEST GRAND HIGH SCHOOL,9420.0,1.0,0.0,0.0,0.0,2010
185,1350.0,MIDDLE PARK HIGH SCHOOL,5864.0,1.0,0.0,1.0,0.0,2010
186,1360.0,CRESTED BUTTE COMMUNITY SCHOOL,2006.0,1.0,0.0,1.0,0.0,2010
187,1360.0,GUNNISON HIGH SCHOOL,3694.0,1.0,0.0,0.0,0.0,2010
188,1390.0,JOHN MALL HIGH SCHOOL,9212.0,0.0,0.0,0.0,0.0,2010
189,1400.0,LA VETA JUNIOR-SENIOR HIGH SCHOOL,4864.0,1.0,0.0,1.0,0.0,2010
190,1420.0,MC LAIN HIGH SCHOOL,33.0,0.0,0.0,0.0,0.0,2010
191,1420.0,ALAMEDA HIGH SCHOOL,108.0,0.0,0.0,0.0,0.0,2010
192,1420.0,ARVADA HIGH SCHOOL,370.0,0.0,0.0,0.0,0.0,2010
193,1420.0,ARVADA WEST HIGH SCHOOL,378.0,1.0,0.0,0.0,0.0,2010
194,1420.0,BEAR CREEK HIGH SCHOOL,664.0,1.0,0.0,0.0,0.0,2010
195,1420.0,BRADY EXPLORATION SCHOOL,965.0,0.0,0.0,0.0,0.0,2010
196,1420.0,CHATFIELD HIGH SCHOOL,1522.0,1.0,0.0,1.0,0.0,2010
197,1420.0,COLUMBINE HIGH SCHOOL,1864.0,1.0,0.0,0.0,0.0,2010
198,1420.0,COMPASS MONTESSORI - WHEAT RIDGE CHARTER SCHOOL,1869.0,1.0,1.0,0.0,0.0,2010
199,1420.0,COMPASS MONTESSORI - GOLDEN CHARTER SCHOOL,1880.0,1.0,0.0,0.0,0.0,2010
200,1420.0,CONIFER SENIOR HIGH SCHOOL,1886.0,1.0,0.0,1.0,0.0,2010
201,1420.0,DAKOTA RIDGE SENIOR HIGH SCHOOL,2093.0,1.0,0.0,1.0,0.0,2010
202,1420.0,D'EVELYN JUNIOR/SENIOR HIGH SCHOOL,2120.0,1.0,1.0,1.0,1.0,2010
203,1420.0,EVERGREEN HIGH SCHOOL,2836.0,1.0,1.0,1.0,0.0,2010
204,1420.0,GOLDEN HIGH SCHOOL,3502.0,1.0,0.0,1.0,0.0,2010
205,1420.0,GREEN MOUNTAIN HIGH SCHOOL,3628.0,1.0,0.0,1.0,0.0,2010
206,1420.0,JEFFERSON CHARTER ACADEMY SENIOR HIGH SCHOOL,4410.0,1.0,1.0,1.0,0.0,2010
207,1420.0,JEFFERSON HIGH SCHOOL,4422.0,0.0,0.0,0.0,0.0,2010
208,1420.0,LAKEWOOD HIGH SCHOOL,4942.0,1.0,0.0,1.0,0.0,2010
209,1420.0,NEW AMERICA SCHOOL,6237.0,0.0,0.0,0.0,0.0,2010
210,1420.0,JEFFERSON COUNTY OPEN SECONDARY,6541.0,0.0,0.0,0.0,0.0,2010
211,1420.0,POMONA HIGH SCHOOL,7114.0,1.0,0.0,0.0,0.0,2010
212,1420.0,RALSTON VALLEY SENIOR HIGH SCHOOL,7239.0,1.0,0.0,1.0,0.0,2010
213,1420.0,COLLEGIATE ACADEMY OF COLORADO,7701.0,1.0,0.0,0.0,0.0,2010
214,1420.0,STANDLEY LAKE HIGH SCHOOL,8209.0,1.0,0.0,1.0,0.0,2010
215,1420.0,WHEAT RIDGE HIGH SCHOOL,9510.0,1.0,0.0,0.0,0.0,2010
216,1480.0,STRATTON SENIOR HIGH SCHOOL,8354.0,1.0,0.0,1.0,0.0,2010
217,1500.0,BURLINGTON HIGH SCHOOL,1152.0,1.0,0.0,0.0,0.0,2010
218,1510.0,LAKE COUNTY HIGH SCHOOL,4904.0,0.0,0.0,0.0,0.0,2010
219,1520.0,DURANGO HIGH SCHOOL,2318.0,1.0,0.0,0.0,0.0,2010
220,1530.0,BAYFIELD HIGH SCHOOL,640.0,1.0,0.0,0.0,0.0,2010
221,1540.0,IGNACIO HIGH SCHOOL,4258.0,0.0,0.0,0.0,0.0,2010
222,1550.0,RIDGEVIEW CLASSICAL CHARTER SCHOOLS,146.0,1.0,1.0,1.0,1.0,2010
223,1550.0,FORT COLLINS HIGH SCHOOL,3046.0,1.0,0.0,0.0,0.0,2010
224,1550.0,FOSSIL RIDGE HIGH SCHOOL,3105.0,1.0,0.0,1.0,0.0,2010
225,1550.0,CENTENNIAL HIGH SCHOOL,3760.0,1.0,0.0,0.0,0.0,2010
226,1550.0,POLARIS EXPEDITIONARY LEARNING SCHOOL,7104.0,1.0,0.0,0.0,0.0,2010
227,1550.0,POUDRE HIGH SCHOOL,7124.0,1.0,0.0,0.0,0.0,2010
228,1550.0,ROCKY MOUNTAIN HIGH SCHOOL,7470.0,1.0,0.0,0.0,0.0,2010
229,1560.0,BERTHOUD HIGH SCHOOL,812.0,1.0,0.0,0.0,0.0,2010
230,1560.0,LOVELAND HIGH SCHOOL,5316.0,1.0,0.0,1.0,0.0,2010
231,1560.0,MOUNTAIN VIEW HIGH SCHOOL,6163.0,1.0,0.0,0.0,0.0,2010
232,1560.0,THOMPSON VALLEY HIGH SCHOOL,8824.0,1.0,0.0,0.0,0.0,2010
233,1560.0,HAROLD FERGUSON HIGH SCHOOL,9260.0,0.0,0.0,0.0,0.0,2010
234,1570.0,ESTES PARK HIGH SCHOOL,2794.0,1.0,0.0,1.0,0.0,2010
235,1580.0,TRINIDAD HIGH SCHOOL,8906.0,0.0,0.0,0.0,0.0,2010
236,1590.0,PRIMERO JUNIOR-SENIOR HIGH SCHOOL,7164.0,1.0,0.0,0.0,0.0,2010
237,1600.0,HOEHNE HIGH SCHOOL,4048.0,1.0,0.0,0.0,0.0,2010
238,1750.0,BRANSON SCHOOL ONLINE,948.0,1.0,0.0,0.0,0.0,2010
239,1790.0,LIMON JUNIOR-SENIOR HIGH SCHOOL,5136.0,1.0,0.0,0.0,0.0,2010
240,1810.0,KARVAL ONLINE EDUCATION,4504.0,1.0,0.0,0.0,0.0,2010
241,1828.0,CALICHE JUNIOR-SENIOR HIGH SCHOOL,1224.0,1.0,0.0,0.0,0.0,2010
242,1828.0,STERLING HIGH SCHOOL,8260.0,1.0,0.0,0.0,0.0,2010
243,1860.0,MERINO JUNIOR SENIOR HIGH SCHOOL,5806.0,1.0,0.0,0.0,0.0,2010
244,1990.0,GRAND MESA HIGH SCHOOL,3582.0,0.0,0.0,0.0,0.0,2010
245,1990.0,PLATEAU VALLEY HIGH SCHOOL,7032.0,0.0,0.0,0.0,0.0,2010
246,2000.0,CENTRAL HIGH SCHOOL,1450.0,1.0,0.0,0.0,0.0,2010
247,2000.0,GRAND JUNCTION HIGH SCHOOL,3570.0,1.0,0.0,0.0,0.0,2010
248,2000.0,FRUITA MONUMENT HIGH SCHOOL,6070.0,1.0,0.0,0.0,0.0,2010
249,2000.0,PALISADE HIGH SCHOOL,6666.0,1.0,0.0,0.0,0.0,2010
250,2000.0,R-5 HIGH SCHOOL,7236.0,0.0,0.0,0.0,0.0,2010
251,2020.0,MOFFAT COUNTY HIGH SCHOOL,5962.0,1.0,0.0,0.0,0.0,2010
252,2035.0,MONTEZUMA-CORTEZ HIGH SCHOOL,6026.0,0.0,0.0,0.0,0.0,2010
253,2035.0,SOUTHWEST OPEN CHARTER SCHOOL,8133.0,0.0,0.0,0.0,0.0,2010
254,2055.0,DOLORES HIGH SCHOOL,2208.0,1.0,0.0,0.0,0.0,2010
255,2070.0,MANCOS HIGH SCHOOL,5452.0,1.0,0.0,0.0,0.0,2010
256,2180.0,MONTROSE HIGH SCHOOL,6058.0,1.0,0.0,0.0,0.0,2010
257,2180.0,OLATHE HIGH SCHOOL,6494.0,0.0,0.0,0.0,0.0,2010
258,2180.0,VISTA CHARTER SCHOOL,9149.0,0.0,0.0,0.0,0.0,2010
259,2190.0,NUCLA JUNIOR/SENIOR HIGH SCHOOL,6436.0,0.0,0.0,0.0,0.0,2010
260,2395.0,BRUSH HIGH SCHOOL,1096.0,1.0,0.0,0.0,0.0,2010
261,2405.0,FORT MORGAN HIGH SCHOOL,3078.0,0.0,0.0,0.0,0.0,2010
262,2515.0,WIGGINS HIGH SCHOOL,9582.0,1.0,0.0,0.0,0.0,2010
263,2520.0,LA JUNTA HIGH SCHOOL,4844.0,0.0,0.0,0.0,0.0,2010
264,2530.0,ROCKY FORD JUNIOR/SENIOR HIGH SCHOOL,7442.0,0.0,0.0,0.0,0.0,2010
265,2540.0,FOWLER HIGH SCHOOL,3134.0,1.0,0.0,0.0,0.0,2010
266,2570.0,SWINK JUNIOR-SENIOR HIGH SCHOOL,8456.0,1.0,0.0,0.0,0.0,2010
267,2580.0,OURAY SENIOR HIGH SCHOOL,6600.0,1.0,0.0,0.0,0.0,2010
268,2590.0,RIDGWAY HIGH SCHOOL,7346.0,1.0,0.0,0.0,0.0,2010
269,2600.0,PLATTE CANYON HIGH SCHOOL,7046.0,1.0,0.0,0.0,0.0,2010
270,2610.0,SOUTH PARK HIGH SCHOOL,8118.0,1.0,0.0,1.0,0.0,2010
271,2620.0,HOLYOKE SENIOR HIGH SCHOOL,4080.0,1.0,0.0,0.0,0.0,2010
272,2630.0,HAXTUN HIGH SCHOOL,3850.0,1.0,0.0,0.0,0.0,2010
273,2640.0,ASPEN HIGH SCHOOL,432.0,1.0,1.0,1.0,0.0,2010
274,2660.0,LAMAR HIGH SCHOOL,4960.0,0.0,0.0,0.0,0.0,2010
275,2670.0,HOLLY HIGH SCHOOL,4058.0,1.0,0.0,0.0,0.0,2010
276,2690.0,CENTENNIAL HIGH SCHOOL,1402.0,1.0,0.0,0.0,0.0,2010
277,2690.0,CENTRAL HIGH SCHOOL,1454.0,0.0,0.0,0.0,0.0,2010
278,2690.0,DOLORES HUERTA PREPARATORY HIGH SCHOOL,2217.0,1.0,0.0,0.0,0.0,2010
279,2690.0,EAST HIGH SCHOOL,2394.0,0.0,0.0,0.0,0.0,2010
280,2690.0,SOUTH HIGH SCHOOL,8082.0,1.0,0.0,0.0,0.0,2010
281,2690.0,YOUTH & FAMILY ACADEMY CHARTER,9785.0,0.0,0.0,0.0,0.0,2010
282,2700.0,FUTURES ACADEMY,3279.0,0.0,0.0,0.0,0.0,2010
283,2700.0,PUEBLO COUNTY HIGH SCHOOL,7208.0,1.0,0.0,0.0,0.0,2010
284,2700.0,PUEBLO TECHNICAL ACADEMY,7211.0,1.0,1.0,1.0,0.0,2010
285,2700.0,PUEBLO WEST HIGH SCHOOL,7214.0,1.0,0.0,0.0,0.0,2010
286,2700.0,RYE HIGH SCHOOL,7534.0,0.0,0.0,0.0,0.0,2010
287,2700.0,SOUTHERN COLORADO EARLY COLLEGE,7879.0,0.0,0.0,0.0,0.0,2010
288,2710.0,MEEKER HIGH SCHOOL,5762.0,1.0,0.0,0.0,0.0,2010
289,2720.0,RANGELY JUNIOR/SENIOR HIGH SCHOOL,7276.0,0.0,0.0,0.0,0.0,2010
290,2730.0,DEL NORTE HIGH SCHOOL,2150.0,0.0,0.0,0.0,0.0,2010
291,2740.0,MONTE VISTA SENIOR HIGH SCHOOL,6046.0,1.0,0.0,0.0,0.0,2010
292,2740.0,MONTE VISTA ON-LINE ACADEMY,6520.0,0.0,0.0,0.0,0.0,2010
293,2750.0,SARGENT SENIOR HIGH SCHOOL,7664.0,1.0,0.0,0.0,0.0,2010
294,2760.0,HAYDEN HIGH SCHOOL,3862.0,1.0,0.0,0.0,0.0,2010
295,2770.0,STEAMBOAT SPRINGS HIGH SCHOOL,8212.0,1.0,0.0,1.0,0.0,2010
296,2780.0,SOROCO HIGH SCHOOL,8050.0,1.0,0.0,0.0,0.0,2010
297,2810.0,CENTER HIGH SCHOOL,1420.0,0.0,0.0,0.0,0.0,2010
298,2830.0,TELLURIDE HIGH SCHOOL,8794.0,1.0,1.0,1.0,0.0,2010
299,2840.0,NORWOOD HIGH SCHOOL,6422.0,0.0,0.0,0.0,0.0,2010
300,2862.0,INSIGHT SCHOOL OF COLORADO AT JULESBURG,4369.0,1.0,0.0,0.0,0.0,2010
301,2862.0,JULESBURG HIGH SCHOOL,4492.0,1.0,0.0,0.0,0.0,2010
302,3000.0,SUMMIT HIGH SCHOOL,8378.0,1.0,0.0,0.0,0.0,2010
303,3010.0,CRIPPLE CREEK-VICTOR JUNIOR-SENIOR HIGH SCHOOL,2024.0,0.0,0.0,0.0,0.0,2010
304,3020.0,WOODLAND PARK HIGH SCHOOL,9696.0,1.0,0.0,0.0,0.0,2010
305,3030.0,AKRON HIGH SCHOOL,90.0,1.0,0.0,1.0,0.0,2010
306,3050.0,OTIS JUNIOR-SENIOR HIGH SCHOOL,6586.0,1.0,0.0,1.0,0.0,2010
307,3080.0,VALLEY HIGH SCHOOL,9032.0,0.0,0.0,0.0,0.0,2010
308,3085.0,EATON HIGH SCHOOL,2456.0,1.0,0.0,0.0,0.0,2010
309,3090.0,WELD CENTRAL SENIOR HIGH SCHOOL,1446.0,1.0,0.0,0.0,0.0,2010
310,3100.0,WINDSOR HIGH SCHOOL,9672.0,1.0,0.0,0.0,0.0,2010
311,3110.0,ROOSEVELT HIGH SCHOOL,7490.0,1.0,0.0,0.0,0.0,2010
312,3120.0,COLORADO HIGH SCHOOL OF GREELEY,1780.0,0.0,0.0,0.0,0.0,2010
313,3120.0,FRONTIER CHARTER ACADEMY,1875.0,1.0,0.0,0.0,0.0,2010
314,3120.0,UNIVERSITY SCHOOLS,2850.0,1.0,0.0,0.0,0.0,2010
315,3120.0,GREELEY CENTRAL HIGH SCHOOL,3610.0,0.0,0.0,0.0,0.0,2010
316,3120.0,GREELEY WEST HIGH SCHOOL,3614.0,1.0,0.0,0.0,0.0,2010
317,3120.0,NORTHRIDGE HIGH SCHOOL,6364.0,0.0,0.0,0.0,0.0,2010
318,3120.0,TRADEMARK LEARNING CENTER,8890.0,0.0,0.0,0.0,0.0,2010
319,3120.0,UNION COLONY PREPARATORY SCHOOL,8965.0,1.0,1.0,1.0,1.0,2010
320,3130.0,PLATTE VALLEY HIGH SCHOOL,4670.0,1.0,0.0,0.0,0.0,2010
321,3140.0,FORT LUPTON HIGH SCHOOL,3070.0,0.0,0.0,0.0,0.0,2010
322,3145.0,HIGHLAND HIGH SCHOOL,3962.0,0.0,0.0,0.0,0.0,2010
323,3200.0,YUMA HIGH SCHOOL,9799.0,0.0,0.0,0.0,0.0,2010
324,3210.0,WRAY HIGH SCHOOL,9733.0,1.0,0.0,0.0,0.0,2010
325,8001.0,COLORADO DISTANCE & ELECTRONIC LEARNING ACADEMY,656.0,1.0,0.0,0.0,0.0,2010
326,8001.0,COLORADO SPRINGS EARLY COLLEGES,1795.0,1.0,0.0,0.0,0.0,2010
327,8001.0,EARLY COLLEGE HIGH SCHOOL AT ARVADA,2837.0,1.0,0.0,0.0,1.0,2010
328,8001.0,GOAL ACADEMY,3475.0,0.0,0.0,0.0,0.0,2010
329,8001.0,THE PINNACLE CHARTER SCHOOL HIGH,6914.0,1.0,0.0,0.0,0.0,2010
330,8001.0,THE VANGUARD SCHOOL (HIGH),9057.0,1.0,1.0,1.0,1.0,2010
331,9030.0,YAMPAH MOUNTAIN SCHOOL,6134.0,0.0,0.0,0.0,0.0,2010
332,9130.0,EXPEDITIONARY LEARNING SCHOOL,2840.0,1.0,1.0,0.0,1.0,2010
0,0.0,STATE LEVEL,0.0,1.0,0.0,0.0,0.0,2011
1,10.0,MAPLETON EXPEDITIONARY SCHOOL OF THE ARTS,187.0,0.0,0.0,0.0,0.0,2011
2,10.0,MAPLETON EARLY COLLEGE HIGH SCHOOL,212.0,1.0,0.0,0.0,0.0,2011
3,10.0,WELBY NEW TECHNOLOGY,221.0,,,,,2011
4,10.0,GLOBAL LEADERSHIP ACADEMY,263.0,0.0,0.0,0.0,0.0,2011
5,10.0,SKYVIEW ACADEMY HIGH SCHOOL,309.0,0.0,0.0,0.0,0.0,2011
6,10.0,YORK INTERNATIONAL,503.0,0.0,0.0,0.0,0.0,2011
7,10.0,COLORADO CONNECTIONS ACADEMY,1796.0,1.0,0.0,1.0,0.0,2011
8,10.0,THE NEW AMERICA SCHOOL,4699.0,0.0,0.0,0.0,0.0,2011
9,20.0,ACADEMY OF CHARTER SCHOOLS,15.0,1.0,0.0,0.0,0.0,2011
10,20.0,VANTAGE POINT,210.0,0.0,0.0,0.0,0.0,2011
11,20.0,COLORADO VIRTUAL ACADEMY (COVA),1752.0,1.0,0.0,1.0,0.0,2011
12,20.0,HORIZON HIGH SCHOOL,4108.0,1.0,0.0,0.0,0.0,2011
13,20.0,LEGACY HIGH SCHOOL,5043.0,1.0,0.0,1.0,0.0,2011
14,20.0,THORNTON HIGH SCHOOL,5816.0,0.0,0.0,0.0,0.0,2011
15,20.0,MOUNTAIN RANGE HIGH SCHOOL,6060.0,1.0,0.0,0.0,0.0,2011
16,20.0,NEW AMERICA SCHOOL,6261.0,,,,,2011
17,20.0,NORTHGLENN HIGH SCHOOL,6402.0,0.0,0.0,0.0,0.0,2011
18,30.0,LESTER R ARNOLD HIGH SCHOOL,22.0,0.0,0.0,0.0,0.0,2011
19,30.0,ADAMS CITY HIGH SCHOOL,24.0,0.0,0.0,0.0,0.0,2011
20,40.0,BRIGHTON HERITAGE ACADEMY,1021.0,0.0,0.0,0.0,0.0,2011
21,40.0,BRIGHTON HIGH SCHOOL,1022.0,0.0,0.0,0.0,0.0,2011
22,40.0,BRIGHTON COLLEGIATE HIGH SCHOOL,1027.0,,,,,2011
23,40.0,EAGLE RIDGE ACADEMY,2399.0,0.0,0.0,0.0,0.0,2011
24,40.0,PRAIRIE VIEW HIGH SCHOOL,7129.0,0.0,0.0,0.0,0.0,2011
25,40.0,ADAMS YOUTH SERVICE CENTER,9801.0,,,,,2011
26,50.0,BENNETT HIGH SCHOOL,775.0,1.0,0.0,0.0,0.0,2011
27,60.0,STRASBURG HIGH SCHOOL,8334.0,1.0,0.0,1.0,0.0,2011
28,70.0,HIDDEN LAKE HIGH SCHOOL,3931.0,0.0,0.0,0.0,0.0,2011
29,70.0,WESTMINSTER HIGH SCHOOL,9466.0,0.0,0.0,0.0,0.0,2011
30,100.0,ALAMOSA HIGH SCHOOL,118.0,0.0,0.0,0.0,0.0,2011
31,100.0,ALAMOSA OPEN SCHOOL,119.0,,,,,2011
32,110.0,SANGRE DE CRISTO UNDIVIDED HIGH SCHOOL,7630.0,1.0,0.0,1.0,0.0,2011
33,120.0,COLORADO'S FINEST ALTERNATIVE HIGH SCHOOL,206.0,0.0,0.0,0.0,0.0,2011
34,120.0,ENGLEWOOD HIGH SCHOOL,2746.0,0.0,0.0,0.0,0.0,2011
35,123.0,SHERIDAN HIGH SCHOOL,7842.0,0.0,0.0,0.0,0.0,2011
36,130.0,CHEROKEE TRAIL HIGH SCHOOL,1551.0,1.0,0.0,0.0,0.0,2011
37,130.0,CHERRY CREEK HIGH SCHOOL,1570.0,1.0,1.0,1.0,1.0,2011
38,130.0,EAGLECREST HIGH SCHOOL,2357.0,1.0,0.0,0.0,0.0,2011
39,130.0,GRANDVIEW HIGH SCHOOL,3589.0,1.0,1.0,1.0,0.0,2011
40,130.0,OVERLAND HIGH SCHOOL,6625.0,0.0,0.0,0.0,0.0,2011
41,130.0,SMOKY HILL HIGH SCHOOL,8020.0,1.0,0.0,0.0,0.0,2011
42,140.0,ARAPAHOE HIGH SCHOOL,298.0,1.0,1.0,1.0,0.0,2011
43,140.0,HERITAGE HIGH SCHOOL,3930.0,1.0,1.0,1.0,0.0,2011
44,140.0,LITTLETON HIGH SCHOOL,5224.0,1.0,0.0,0.0,0.0,2011
45,170.0,DEER TRAIL JUNIOR-SENIOR HIGH SCHOOL,2140.0,1.0,0.0,0.0,0.0,2011
46,180.0,APS ONLINE SCHOOL,219.0,0.0,0.0,0.0,0.0,2011
47,180.0,AURORA CENTRAL HIGH SCHOOL,1458.0,0.0,0.0,0.0,0.0,2011
48,180.0,GATEWAY HIGH SCHOOL,3354.0,0.0,0.0,0.0,0.0,2011
49,180.0,HINKLEY HIGH SCHOOL,4024.0,0.0,0.0,0.0,0.0,2011
50,180.0,LOTUS SCHOOL FOR EXCELLENCE,5298.0,0.0,0.0,0.0,0.0,2011
51,180.0,NEW AMERICA SCHOOL,6219.0,0.0,0.0,0.0,0.0,2011
52,180.0,RANGEVIEW HIGH SCHOOL,7250.0,1.0,0.0,0.0,0.0,2011
53,180.0,WILLIAM SMITH HIGH SCHOOL,8356.0,1.0,0.0,0.0,0.0,2011
54,190.0,BYERS JUNIOR-SENIOR HIGH SCHOOL,1176.0,0.0,0.0,0.0,0.0,2011
55,220.0,ARCHULETA COUNTY HIGH SCHOOL,64.0,,,,,2011
56,220.0,PAGOSA SPRINGS HIGH SCHOOL,6658.0,1.0,0.0,0.0,0.0,2011
57,230.0,WALSH HIGH SCHOOL,9226.0,,,,,2011
58,240.0,PRITCHETT HIGH SCHOOL,7180.0,,,,,2011
59,250.0,SPRINGFIELD HIGH SCHOOL,8168.0,1.0,0.0,0.0,0.0,2011
60,260.0,V.I.L.A.S. ONLINE SCHOOL,9085.0,,,,,2011
61,260.0,VILAS UNDIVIDED HIGH SCHOOL,9100.0,,,,,2011
62,270.0,CAMPO UNDIVIDED HIGH SCHOOL,1252.0,,,,,2011
63,290.0,LAS ANIMAS HIGH SCHOOL,4990.0,0.0,0.0,0.0,0.0,2011
64,310.0,MC CLAVE UNDIVIDED HIGH SCHOOL,5670.0,0.0,0.0,0.0,0.0,2011
65,470.0,ERIE HIGH SCHOOL,2761.0,1.0,0.0,0.0,0.0,2011
66,470.0,FREDERICK SENIOR HIGH SCHOOL,3196.0,0.0,0.0,0.0,0.0,2011
67,470.0,LONGMONT HIGH SCHOOL,5282.0,1.0,0.0,0.0,0.0,2011
68,470.0,LYONS MIDDLE/SENIOR HIGH SCHOOL,5368.0,1.0,1.0,1.0,0.0,2011
69,470.0,MEAD HIGH SCHOOL,5722.0,1.0,0.0,0.0,0.0,2011
70,470.0,NIWOT HIGH SCHOOL,6276.0,1.0,1.0,1.0,1.0,2011
71,470.0,OLDE COLUMBINE HIGH SCHOOL,6498.0,0.0,0.0,0.0,0.0,2011
72,470.0,ADULT EDUCATION/LINCOLN CENTER,6499.0,,,,,2011
73,470.0,SILVER CREEK HIGH SCHOOL,7789.0,1.0,0.0,1.0,0.0,2011
74,470.0,SKYLINE HIGH SCHOOL,7954.0,0.0,0.0,0.0,0.0,2011
75,480.0,ARAPAHOE RIDGE HIGH SCHOOL,125.0,0.0,0.0,0.0,0.0,2011
76,480.0,BOULDER HIGH SCHOOL,924.0,1.0,1.0,1.0,0.0,2011
77,480.0,BOULDER UNIVERSAL,930.0,,,,,2011
78,480.0,BOULDER PREP CHARTER HIGH SCHOOL,934.0,0.0,0.0,0.0,0.0,2011
79,480.0,BROOMFIELD HIGH SCHOOL,1070.0,1.0,1.0,1.0,0.0,2011
80,480.0,CENTAURUS HIGH SCHOOL,1380.0,1.0,0.0,1.0,0.0,2011
81,480.0,FAIRVIEW HIGH SCHOOL,2892.0,1.0,1.0,1.0,1.0,2011
82,480.0,HALCYON SCHOOL (SPECIAL EDUCATION),3499.0,,,,,2011
83,480.0,JUSTICE HIGH CHARTER SCHOOL,4496.0,,,,,2011
84,480.0,MONARCH HIGH SCHOOL,5999.0,1.0,1.0,1.0,0.0,2011
85,480.0,NEW VISTA HIGH SCHOOL,6195.0,1.0,0.0,1.0,0.0,2011
86,480.0,NEDERLAND MIDDLE-SENIOR HIGH SCHOOL,6212.0,1.0,0.0,1.0,0.0,2011
87,480.0,PEAK TO PEAK CHARTER SCHOOL,6816.0,1.0,1.0,1.0,1.0,2011
88,490.0,BUENA VISTA HIGH SCHOOL,1130.0,1.0,0.0,1.0,0.0,2011
89,490.0,CHAFFEE COUNTY HIGH SCHOOL,1508.0,,,,,2011
90,500.0,HORIZONS EXPLORATORY ACADEMY,4085.0,,,,,2011
91,500.0,SALIDA HIGH SCHOOL,7568.0,1.0,0.0,0.0,0.0,2011
92,510.0,KIT CARSON JUNIOR-SENIOR HIGH SCHOOL,4742.0,,,,,2011
93,520.0,CHEYENNE WELLS HIGH SCHOOL,1612.0,,,,,2011
94,540.0,CLEAR CREEK HIGH SCHOOL,4216.0,1.0,0.0,0.0,0.0,2011
95,550.0,CENTAURI HIGH SCHOOL,1378.0,0.0,0.0,0.0,0.0,2011
96,550.0,LA JARA SECOND CHANCE SCHOOL,4837.0,,,,,2011
97,560.0,SANFORD JUNIOR/SENIOR HIGH SCHOOL,7616.0,1.0,1.0,1.0,0.0,2011
98,580.0,ANTONITO HIGH SCHOOL,252.0,0.0,0.0,0.0,0.0,2011
99,640.0,CENTENNIAL HIGH SCHOOL,1398.0,,,,,2011
100,740.0,SIERRA GRANDE SENIOR HIGH SCHOOL,7880.0,0.0,0.0,0.0,0.0,2011
101,770.0,CROWLEY COUNTY ONLINE ACADEMY,1967.0,,,,,2011
102,770.0,CROWLEY COUNTY HIGH SCHOOL,2058.0,0.0,0.0,0.0,0.0,2011
103,860.0,CUSTER COUNTY HIGH SCHOOL,2092.0,1.0,0.0,1.0,0.0,2011
104,870.0,CEDAREDGE HIGH SCHOOL,1372.0,1.0,0.0,0.0,0.0,2011
105,870.0,DELTA COUNTY OPPORTUNITY SCHOOL,2155.0,0.0,0.0,0.0,0.0,2011
106,870.0,DELTA HIGH SCHOOL,2164.0,1.0,0.0,0.0,0.0,2011
107,870.0,DELTA VISION SCHOOL,2166.0,1.0,0.0,0.0,0.0,2011
108,870.0,HOTCHKISS HIGH SCHOOL,4128.0,1.0,0.0,0.0,0.0,2011
109,870.0,LAMBORN VISION SCHOOL,4965.0,,,,,2011
110,870.0,PAONIA HIGH SCHOOL,6708.0,1.0,0.0,0.0,0.0,2011
111,870.0,SURFACE CREEK VISION SCHOOL,8419.0,0.0,0.0,0.0,0.0,2011
112,870.0,NORTH FORK VISION SCHOOL,9146.0,,,,,2011
113,880.0,ABRAHAM LINCOLN HIGH SCHOOL,10.0,0.0,0.0,0.0,0.0,2011
114,880.0,RIDGE VIEW ACADEMY CHARTER SCHOOL,40.0,0.0,0.0,0.0,0.0,2011
115,880.0,ACADEMY OF URBAN LEARNING,67.0,0.0,0.0,0.0,0.0,2011
116,880.0,EMERSON STREET SCHOOL,133.0,,,,,2011
117,880.0,FRED N THOMAS CAREER EDUCATION CENTER,1319.0,0.0,0.0,0.0,0.0,2011
118,880.0,COLORADO HIGH SCHOOL,1748.0,0.0,0.0,0.0,0.0,2011
119,880.0,CONNECTIONS ACADEMY,1887.0,,,,,2011
120,880.0,DENVER CENTER FOR INTERNATIONAL STUDIES,2183.0,1.0,0.0,0.0,0.0,2011
121,880.0,DENVER SCHOOL OF THE ARTS,2184.0,1.0,0.0,1.0,0.0,2011
122,880.0,DENVER SCHOOL OF SCIENCE AND TECHNOLOGY,2185.0,1.0,1.0,1.0,0.0,2011
123,880.0,EAST HIGH SCHOOL,2398.0,1.0,0.0,1.0,0.0,2011
124,880.0,EMILY GRIFFITH OPPORTUNITY SCHOOL,2726.0,0.0,0.0,0.0,0.0,2011
125,880.0,VENTURE PREP,2755.0,0.0,0.0,0.0,0.0,2011
126,880.0,ESCUELA TLATELOLCO SCHOOL,2789.0,0.0,0.0,0.0,0.0,2011
127,880.0,FLORENCE CRITTENTON HIGH SCHOOL,3000.0,0.0,0.0,0.0,0.0,2011
128,880.0,GEORGE WASHINGTON HIGH SCHOOL,3378.0,1.0,0.0,0.0,0.0,2011
129,880.0,JOHN F KENNEDY HIGH SCHOOL,4444.0,0.0,0.0,0.0,0.0,2011
130,880.0,JUSTICE HIGH SCHOOL DENVER,4494.0,0.0,0.0,0.0,0.0,2011
131,880.0,LIFE SKILLS CENTER OF DENVER,5129.0,0.0,0.0,0.0,0.0,2011
132,880.0,MANUAL HIGH SCHOOL,5448.0,0.0,0.0,0.0,0.0,2011
133,880.0,MARTIN LUTHER KING MIDDLE COLLEGE,5605.0,0.0,0.0,0.0,0.0,2011
134,880.0,CONTEMPORARY LEARNING ACADEMY HIGH SCHOOL,5844.0,0.0,0.0,0.0,0.0,2011
135,880.0,MONTBELLO HIGH SCHOOL,5995.0,0.0,0.0,0.0,0.0,2011
136,880.0,NORTH HIGH SCHOOL,6314.0,0.0,0.0,0.0,0.0,2011
137,880.0,BRUCE RANDOLPH SCHOOL,6350.0,0.0,0.0,0.0,0.0,2011
138,880.0,ONLINE HIGH SCHOOL,6509.0,,,,,2011
139,880.0,P.R.E.P. (POSITIVE REFOCUS EDUCATION PROGRAM),7163.0,,,,,2011
140,880.0,P.S.1 CHARTER SCHOOL,7199.0,,,,,2011
141,880.0,SOUTH HIGH SCHOOL,8086.0,0.0,0.0,0.0,0.0,2011
142,880.0,SOUTHWEST EARLY COLLEGE CHARTER SCHOOL,8132.0,0.0,0.0,0.0,0.0,2011
143,880.0,SUMMIT ACADEMY,8145.0,0.0,0.0,0.0,0.0,2011
144,880.0,THOMAS JEFFERSON HIGH SCHOOL,8822.0,0.0,0.0,0.0,0.0,2011
145,880.0,WEST HIGH SCHOOL,9408.0,0.0,0.0,0.0,0.0,2011
146,890.0,DOVE CREEK HIGH SCHOOL,2216.0,,,,,2011
147,900.0,DANIEL C OAKES HIGH SCHOOL--CASTLE ROCK,201.0,0.0,0.0,0.0,0.0,2011
148,900.0,CASTLE VIEW HIGH SCHOOL,1367.0,1.0,0.0,1.0,0.0,2011
149,900.0,CHAPARRAL HIGH SCHOOL,1503.0,1.0,0.0,0.0,0.0,2011
150,900.0,DOUGLAS COUNTY HIGH SCHOOL,2230.0,1.0,0.0,1.0,0.0,2011
151,900.0,EAGLE ACADEMY,2338.0,0.0,0.0,0.0,0.0,2011
152,900.0,HIGHLANDS RANCH HIGH SCHOOL,3980.0,1.0,1.0,1.0,0.0,2011
153,900.0,HOPE ON-LINE,3995.0,0.0,0.0,0.0,0.0,2011
154,900.0,LEGEND HIGH SCHOOL,4271.0,1.0,0.0,1.0,0.0,2011
155,900.0,EDCSD: COLORADO CYBER SCHOOL,5405.0,,,,,2011
156,900.0,MOUNTAIN VISTA HIGH SCHOOL,6165.0,1.0,1.0,1.0,0.0,2011
157,900.0,PONDEROSA HIGH SCHOOL,7118.0,1.0,1.0,1.0,0.0,2011
158,900.0,ROCK CANYON HIGH SCHOOL,7435.0,1.0,1.0,1.0,0.0,2011
159,900.0,THUNDERRIDGE HIGH SCHOOL,8847.0,1.0,1.0,1.0,0.0,2011
160,910.0,RED CANYON HIGH SCHOOL,205.0,0.0,0.0,0.0,0.0,2011
161,910.0,BATTLE MOUNTAIN HIGH SCHOOL,604.0,1.0,0.0,0.0,0.0,2011
162,910.0,EAGLE VALLEY HIGH SCHOOL,2350.0,1.0,0.0,0.0,0.0,2011
163,910.0,NEW AMERICA CHARTER SCHOOL,6238.0,,,,,2011
164,910.0,VAIL SKI AND SNOWBOARD ACADEMY (USSA),9061.0,,,,,2011
165,920.0,ELIZABETH HIGH SCHOOL,2608.0,1.0,0.0,1.0,0.0,2011
166,920.0,FRONTIER HIGH SCHOOL,3236.0,0.0,0.0,0.0,0.0,2011
167,930.0,KIOWA HIGH SCHOOL,4728.0,1.0,0.0,0.0,0.0,2011
168,940.0,SIMLA HIGH SCHOOL,7922.0,0.0,0.0,0.0,0.0,2011
169,950.0,ELBERT JUNIOR-SENIOR HIGH SCHOOL,2574.0,,,,,2011
170,960.0,AGATE JUNIOR-SENIOR HIGH SCHOOL,48.0,,,,,2011
171,970.0,CALHAN HIGH SCHOOL,1218.0,1.0,0.0,0.0,0.0,2011
172,980.0,HARRISON HIGH SCHOOL,3806.0,0.0,0.0,0.0,0.0,2011
173,980.0,JAMES IRWIN CHARTER HIGH SCHOOL,4378.0,1.0,1.0,1.0,0.0,2011
174,980.0,NEW HORIZONS DAY SCHOOL,6244.0,0.0,0.0,0.0,0.0,2011
175,980.0,SIERRA HIGH SCHOOL,7882.0,0.0,0.0,0.0,0.0,2011
176,990.0,MESA RIDGE HIGH SCHOOL,5841.0,0.0,0.0,0.0,0.0,2011
177,990.0,DISCOVERY HIGH SCHOOL,9560.0,,,,,2011
178,990.0,WIDEFIELD HIGH SCHOOL,9566.0,0.0,0.0,0.0,0.0,2011
179,1000.0,LORRAINE SECONDARY SCHOOL,203.0,0.0,0.0,0.0,0.0,2011
180,1000.0,FOUNTAIN-FORT CARSON HIGH SCHOOL,3110.0,1.0,0.0,0.0,0.0,2011
181,1010.0,ACHIEVEK12,269.0,,,,,2011
182,1010.0,THE BIJOU SCHOOL,871.0,0.0,0.0,0.0,0.0,2011
183,1010.0,CIVA CHARTER ACADEMY,1616.0,1.0,0.0,0.0,0.0,2011
184,1010.0,CORONADO HIGH SCHOOL,1870.0,1.0,0.0,0.0,0.0,2011
185,1010.0,COMMUNITY PREP CHARTER SCHOOL,1885.0,0.0,0.0,0.0,0.0,2011
186,1010.0,DOHERTY HIGH SCHOOL,2202.0,1.0,0.0,0.0,0.0,2011
187,1010.0,NIKOLA TESLA EDUCATION OPPORTUNITY CENTER,2528.0,0.0,0.0,0.0,0.0,2011
188,1010.0,LIFE SKILLS CENTER OF COLORADO SPRINGS,5146.0,0.0,0.0,0.0,0.0,2011
189,1010.0,MITCHELL HIGH SCHOOL,5948.0,0.0,0.0,0.0,0.0,2011
190,1010.0,PALMER HIGH SCHOOL,6680.0,1.0,0.0,0.0,0.0,2011
191,1010.0,WASSON HIGH SCHOOL,9298.0,0.0,0.0,0.0,0.0,2011
192,1020.0,CHEYENNE MOUNTAIN HIGH SCHOOL,1590.0,1.0,1.0,1.0,0.0,2011
193,1030.0,MANITOU SPRINGS HIGH SCHOOL,5468.0,1.0,0.0,1.0,0.0,2011
194,1040.0,AIR ACADEMY HIGH SCHOOL,76.0,1.0,1.0,1.0,0.0,2011
195,1040.0,ACADEMY ONLINE HIGH SCHOOL,110.0,,,,,2011
196,1040.0,ASPEN VALLEY HIGH SCHOOL,209.0,0.0,0.0,0.0,0.0,2011
197,1040.0,THE CLASSICAL ACADEMY HIGH SCHOOL,1630.0,1.0,1.0,1.0,1.0,2011
198,1040.0,DISCOVERY CANYON CAMPUS SCHOOL,2195.0,1.0,0.0,1.0,0.0,2011
199,1040.0,LIBERTY HIGH SCHOOL,5126.0,1.0,0.0,1.0,0.0,2011
200,1040.0,PINE CREEK HIGH SCHOOL,6937.0,1.0,0.0,1.0,0.0,2011
201,1040.0,RAMPART HIGH SCHOOL,7240.0,1.0,0.0,1.0,0.0,2011
202,1040.0,TCA COLLEGE PATHWAYS,8779.0,1.0,1.0,1.0,0.0,2011
203,1050.0,ELLICOTT SENIOR HIGH SCHOOL,2642.0,0.0,0.0,0.0,0.0,2011
204,1060.0,PEYTON JUNIOR/SENIOR HIGH SCHOOL,6902.0,1.0,0.0,0.0,0.0,2011
205,1070.0,HANOVER JUNIOR-SENIOR HIGH SCHOOL,3758.0,,,,,2011
206,1080.0,LEWIS-PALMER HIGH SCHOOL,5100.0,1.0,1.0,1.0,0.0,2011
207,1080.0,PALMER RIDGE HIGH SCHOOL,6678.0,1.0,1.0,1.0,0.0,2011
208,1110.0,FALCON VIRTUAL ACADEMY,2877.0,,,,,2011
209,1110.0,FALCON HIGH SCHOOL,2908.0,1.0,0.0,0.0,0.0,2011
210,1110.0,PATRIOT LEARNING CENTER,6810.0,0.0,0.0,0.0,0.0,2011
211,1110.0,ROCKY MOUNTAIN CLASSICAL ACADEMY,7463.0,1.0,0.0,0.0,0.0,2011
212,1110.0,SAND CREEK HIGH SCHOOL,7613.0,0.0,0.0,0.0,0.0,2011
213,1110.0,VISTA RIDGE HIGH SCHOOL,8791.0,0.0,0.0,0.0,0.0,2011
214,1120.0,EDISON ACADEMY,2504.0,,,,,2011
215,1120.0,EDISON JUNIOR-SENIOR HIGH SCHOOL,2526.0,,,,,2011
216,1130.0,MIAMI-YODER SENIOR HIGH SCHOOL,5854.0,0.0,0.0,0.0,0.0,2011
217,1140.0,CANON CITY HIGH SCHOOL,1266.0,0.0,0.0,0.0,0.0,2011
218,1140.0,GARDEN PARK HIGH SCHOOL,3211.0,,,,,2011
219,1150.0,FLORENCE HIGH SCHOOL,3002.0,0.0,0.0,0.0,0.0,2011
220,1160.0,COTOPAXI JUNIOR-SENIOR HIGH SCHOOL,3228.0,,,,,2011
221,1180.0,BASALT HIGH SCHOOL,570.0,1.0,0.0,0.0,0.0,2011
222,1180.0,BRIDGES,1006.0,1.0,0.0,0.0,0.0,2011
223,1180.0,GLENWOOD SPRINGS HIGH SCHOOL,3468.0,1.0,0.0,0.0,0.0,2011
224,1180.0,ROARING FORK HIGH SCHOOL,7422.0,0.0,0.0,0.0,0.0,2011
225,1195.0,COAL RIDGE HIGH SCHOOL,65.0,1.0,0.0,0.0,0.0,2011
226,1195.0,KAPLAN ACADEMY OF COLORADO,3325.0,0.0,0.0,0.0,0.0,2011
227,1195.0,RIFLE HIGH SCHOOL,7360.0,1.0,0.0,0.0,0.0,2011
228,1220.0,GRAND VALLEY HIGH SCHOOL,3586.0,0.0,0.0,0.0,0.0,2011
229,1330.0,GILPIN COUNTY UNDIVIDED HIGH SCHOOL,1634.0,0.0,0.0,0.0,0.0,2011
230,1340.0,WEST GRAND HIGH SCHOOL,9420.0,1.0,0.0,0.0,0.0,2011
231,1350.0,MIDDLE PARK HIGH SCHOOL,5864.0,1.0,0.0,0.0,0.0,2011
232,1360.0,CRESTED BUTTE COMMUNITY SCHOOL,2006.0,1.0,0.0,1.0,0.0,2011
233,1360.0,GUNNISON HIGH SCHOOL,3694.0,1.0,0.0,0.0,0.0,2011
234,1360.0,GUNNISON VALLEY SCHOOL,3701.0,,,,,2011
235,1380.0,LAKE CITY COMMUNITY SCHOOL,4899.0,,,,,2011
236,1390.0,HUERFANO COUNTY OPPORTUNITY AND ENRICHMENT SCHOOL,4161.0,,,,,2011
237,1390.0,JOHN MALL HIGH SCHOOL,9212.0,0.0,0.0,0.0,0.0,2011
238,1400.0,LA VETA JUNIOR-SENIOR HIGH SCHOOL,4864.0,1.0,0.0,0.0,0.0,2011
239,1410.0,NORTH PARK JUNIOR-SENIOR HIGH SCHOOL,6358.0,1.0,0.0,1.0,0.0,2011
240,1420.0,MC LAIN HIGH SCHOOL,33.0,0.0,0.0,0.0,0.0,2011
241,1420.0,ALAMEDA HIGH SCHOOL,108.0,0.0,0.0,0.0,0.0,2011
242,1420.0,ARVADA HIGH SCHOOL,370.0,0.0,0.0,0.0,0.0,2011
243,1420.0,ARVADA WEST HIGH SCHOOL,378.0,1.0,0.0,0.0,0.0,2011
244,1420.0,BEAR CREEK HIGH SCHOOL,664.0,1.0,0.0,0.0,0.0,2011
245,1420.0,BRADY EXPLORATION SCHOOL,965.0,0.0,0.0,0.0,0.0,2011
246,1420.0,CHATFIELD HIGH SCHOOL,1522.0,1.0,1.0,1.0,0.0,2011
247,1420.0,COLUMBINE HIGH SCHOOL,1864.0,1.0,0.0,0.0,0.0,2011
248,1420.0,COMPASS MONTESSORI - WHEAT RIDGE CHARTER SCHOOL,1869.0,,,,,2011
249,1420.0,COMPASS MONTESSORI - GOLDEN CHARTER SCHOOL,1880.0,1.0,0.0,1.0,0.0,2011
250,1420.0,CONIFER SENIOR HIGH SCHOOL,1886.0,1.0,0.0,1.0,0.0,2011
251,1420.0,DAKOTA RIDGE SENIOR HIGH SCHOOL,2093.0,1.0,0.0,1.0,0.0,2011
252,1420.0,D'EVELYN JUNIOR/SENIOR HIGH SCHOOL,2120.0,1.0,1.0,1.0,1.0,2011
253,1420.0,EVERGREEN HIGH SCHOOL,2836.0,1.0,1.0,1.0,0.0,2011
254,1420.0,GOLDEN HIGH SCHOOL,3502.0,1.0,0.0,1.0,0.0,2011
255,1420.0,GREEN MOUNTAIN HIGH SCHOOL,3628.0,1.0,0.0,0.0,0.0,2011
256,1420.0,JEFFCO'S 21ST CENTURY VIRTUAL ACADEMY,4408.0,,,,,2011
257,1420.0,JEFFERSON CHARTER ACADEMY SENIOR HIGH SCHOOL,4410.0,1.0,1.0,1.0,0.0,2011
258,1420.0,JEFFERSON HIGH SCHOOL,4422.0,0.0,0.0,0.0,0.0,2011
259,1420.0,LAKEWOOD HIGH SCHOOL,4942.0,1.0,1.0,1.0,0.0,2011
260,1420.0,LONGVIEW HIGH SCHOOL,5623.0,,,,,2011
261,1420.0,NEW AMERICA SCHOOL,6237.0,0.0,0.0,0.0,0.0,2011
262,1420.0,JEFFERSON COUNTY OPEN SECONDARY,6541.0,1.0,0.0,0.0,0.0,2011
263,1420.0,POMONA HIGH SCHOOL,7114.0,1.0,0.0,0.0,0.0,2011
264,1420.0,RALSTON VALLEY SENIOR HIGH SCHOOL,7239.0,1.0,1.0,1.0,0.0,2011
265,1420.0,COLLEGIATE ACADEMY OF COLORADO,7701.0,1.0,0.0,1.0,0.0,2011
266,1420.0,SOBESKY ACADEMY,8036.0,,,,,2011
267,1420.0,STANDLEY LAKE HIGH SCHOOL,8209.0,1.0,0.0,0.0,0.0,2011
268,1420.0,TWO ROADS CHARTER SCHOOL,8793.0,1.0,0.0,1.0,0.0,2011
269,1420.0,WHEAT RIDGE HIGH SCHOOL,9510.0,1.0,0.0,0.0,0.0,2011
270,1430.0,EADS HIGH SCHOOL,2336.0,,,,,2011
271,1440.0,PLAINVIEW JUNIOR-SENIOR HIGH SCHOOL,7009.0,,,,,2011
272,1450.0,FLAGLER SENIOR HIGH SCHOOL,2960.0,,,,,2011
273,1460.0,HI PLAINS UNDIVIDED HIGH SCHOOL,7746.0,,,,,2011
274,1480.0,STRATTON SENIOR HIGH SCHOOL,8354.0,,,,,2011
275,1490.0,BETHUNE JUNIOR-SENIOR HIGH SCHOOL,842.0,,,,,2011
276,1500.0,BURLINGTON HIGH SCHOOL,1152.0,0.0,0.0,0.0,0.0,2011
277,1510.0,LAKE COUNTY HIGH SCHOOL,4904.0,0.0,0.0,0.0,0.0,2011
278,1520.0,DURANGO HIGH SCHOOL,2318.0,1.0,0.0,1.0,0.0,2011
279,1520.0,ROBERT DENIER YOUTH SERVICES CENTER,9806.0,,,,,2011
280,1530.0,BAYFIELD HIGH SCHOOL,640.0,1.0,0.0,0.0,0.0,2011
281,1540.0,IGNACIO ACADEMY,4179.0,,,,,2011
282,1540.0,IGNACIO HIGH SCHOOL,4258.0,0.0,0.0,0.0,0.0,2011
283,1550.0,RIDGEVIEW CLASSICAL CHARTER SCHOOLS,146.0,1.0,1.0,1.0,0.0,2011
284,1550.0,FORT COLLINS HIGH SCHOOL,3046.0,1.0,0.0,1.0,0.0,2011
285,1550.0,FOSSIL RIDGE HIGH SCHOOL,3105.0,1.0,1.0,1.0,0.0,2011
286,1550.0,CENTENNIAL HIGH SCHOOL,3760.0,0.0,0.0,0.0,0.0,2011
287,1550.0,POLARIS EXPEDITIONARY LEARNING SCHOOL,7104.0,1.0,0.0,0.0,0.0,2011
288,1550.0,POUDRE HIGH SCHOOL,7124.0,1.0,0.0,1.0,0.0,2011
289,1550.0,POUDRE COMMUNITY ACADEMY,7127.0,0.0,0.0,0.0,0.0,2011
290,1550.0,PSD ONLINE ACADEMY,7198.0,,,,,2011
291,1550.0,ROCKY MOUNTAIN HIGH SCHOOL,7470.0,1.0,0.0,1.0,0.0,2011
292,1560.0,BERTHOUD HIGH SCHOOL,812.0,1.0,0.0,1.0,0.0,2011
293,1560.0,LOVELAND HIGH SCHOOL,5316.0,1.0,0.0,0.0,0.0,2011
294,1560.0,MOUNTAIN VIEW HIGH SCHOOL,6163.0,1.0,0.0,0.0,0.0,2011
295,1560.0,THOMPSON VALLEY HIGH SCHOOL,8824.0,1.0,0.0,1.0,0.0,2011
296,1560.0,THOMPSON ONLINE,8855.0,,,,,2011
297,1560.0,HAROLD FERGUSON HIGH SCHOOL,9260.0,0.0,0.0,0.0,0.0,2011
298,1570.0,ESTES PARK OPTIONS SCHOOL,2788.0,,,,,2011
299,1570.0,ESTES PARK HIGH SCHOOL,2794.0,1.0,0.0,1.0,0.0,2011
300,1580.0,TRINIDAD HIGH SCHOOL,8906.0,1.0,0.0,0.0,0.0,2011
301,1590.0,PRIMERO JUNIOR-SENIOR HIGH SCHOOL,7164.0,,,,,2011
302,1600.0,HOEHNE HIGH SCHOOL,4048.0,0.0,0.0,0.0,0.0,2011
303,1620.0,AGUILAR JUNIOR-SENIOR HIGH SCHOOL,66.0,,,,,2011
304,1750.0,BRANSON SCHOOL ONLINE,948.0,1.0,0.0,0.0,0.0,2011
305,1750.0,BRANSON UNDIVIDED HIGH SCHOOL,978.0,,,,,2011
306,1760.0,KIM UNDIVIDED HIGH SCHOOL,4694.0,,,,,2011
307,1780.0,GENOA-HUGO SENIOR HIGH SCHOOL,4162.0,,,,,2011
308,1790.0,LIMON JUNIOR-SENIOR HIGH SCHOOL,5136.0,0.0,0.0,0.0,0.0,2011
309,1810.0,KARVAL ONLINE EDUCATION,4504.0,0.0,0.0,0.0,0.0,2011
310,1810.0,KARVAL JUNIOR-SENIOR HIGH SCHOOL,4506.0,,,,,2011
311,1828.0,SMITH HIGH SCHOOL,202.0,,,,,2011
312,1828.0,CALICHE JUNIOR-SENIOR HIGH SCHOOL,1224.0,1.0,0.0,0.0,0.0,2011
313,1828.0,STERLING HIGH SCHOOL,8260.0,1.0,0.0,0.0,0.0,2011
314,1850.0,FLEMING HIGH SCHOOL,2988.0,,,,,2011
315,1860.0,MERINO JUNIOR SENIOR HIGH SCHOOL,5806.0,0.0,0.0,0.0,0.0,2011
316,1870.0,PEETZ JUNIOR-SENIOR HIGH SCHOOL,6838.0,,,,,2011
317,1980.0,DE BEQUE UNDIVIDED HIGH SCHOOL,2126.0,,,,,2011
318,1990.0,GRAND MESA HIGH SCHOOL,3582.0,0.0,0.0,0.0,0.0,2011
319,1990.0,PLATEAU VALLEY HIGH SCHOOL,7032.0,1.0,0.0,0.0,0.0,2011
320,2000.0,CENTRAL HIGH SCHOOL,1450.0,0.0,0.0,0.0,0.0,2011
321,2000.0,GATEWAY SCHOOL,3350.0,,,,,2011
322,2000.0,GRAND JUNCTION HIGH SCHOOL,3570.0,1.0,0.0,0.0,0.0,2011
323,2000.0,MESA VALLEY VISION HOME AND COMMUNITY PROGRAM,5828.0,1.0,0.0,1.0,0.0,2011
324,2000.0,FRUITA MONUMENT HIGH SCHOOL,6070.0,1.0,0.0,0.0,0.0,2011
325,2000.0,PALISADE HIGH SCHOOL,6666.0,1.0,0.0,0.0,0.0,2011
326,2000.0,R-5 HIGH SCHOOL,7236.0,0.0,0.0,0.0,0.0,2011
327,2010.0,CREEDE MIDDLE/HIGH SCHOOL,1966.0,,,,,2011
328,2020.0,MOFFAT COUNTY HIGH SCHOOL,5962.0,0.0,0.0,0.0,0.0,2011
329,2035.0,MONTEZUMA-CORTEZ HIGH SCHOOL,6026.0,0.0,0.0,0.0,0.0,2011
330,2035.0,SOUTHWEST OPEN CHARTER SCHOOL,8133.0,0.0,0.0,0.0,0.0,2011
331,2055.0,DOLORES HIGH SCHOOL,2208.0,1.0,0.0,0.0,0.0,2011
332,2070.0,MANCOS HIGH SCHOOL,5452.0,1.0,0.0,0.0,0.0,2011
333,2180.0,MONTROSE HIGH SCHOOL,6058.0,1.0,0.0,0.0,0.0,2011
334,2180.0,OLATHE HIGH SCHOOL,6494.0,0.0,0.0,0.0,0.0,2011
335,2180.0,PASSAGE CHARTER SCHOOL,6807.0,,,,,2011
336,2180.0,VISTA CHARTER SCHOOL,9149.0,0.0,0.0,0.0,0.0,2011
337,2190.0,NUCLA JUNIOR/SENIOR HIGH SCHOOL,6436.0,,,,,2011
338,2395.0,BRUSH HIGH SCHOOL,1096.0,0.0,0.0,0.0,0.0,2011
339,2405.0,FORT MORGAN HIGH SCHOOL,3078.0,0.0,0.0,0.0,0.0,2011
340,2405.0,LINCOLN HIGH SCHOOL,5180.0,,,,,2011
341,2505.0,WELDON VALLEY HIGH SCHOOL,9360.0,,,,,2011
342,2515.0,WIGGINS HIGH SCHOOL,9582.0,0.0,0.0,0.0,0.0,2011
343,2520.0,LA JUNTA HIGH SCHOOL,4844.0,,,,,2011
344,2520.0,LA JUNTA JR/SR HIGH SCHOOL,5015.0,0.0,0.0,0.0,0.0,2011
345,2520.0,TIGER LEARNING CENTER,8849.0,,,,,2011
346,2530.0,ROCKY FORD JUNIOR/SENIOR HIGH SCHOOL,7442.0,0.0,0.0,0.0,0.0,2011
347,2535.0,MANZANOLA JUNIOR-SENIOR HIGH SCHOOL,5506.0,,,,,2011
348,2540.0,FOWLER HIGH SCHOOL,3134.0,1.0,0.0,0.0,0.0,2011
349,2560.0,CHERAW HIGH SCHOOL,1546.0,1.0,0.0,0.0,0.0,2011
350,2570.0,SWINK JUNIOR-SENIOR HIGH SCHOOL,8456.0,1.0,0.0,1.0,0.0,2011
351,2580.0,OURAY SENIOR HIGH SCHOOL,6600.0,1.0,0.0,0.0,0.0,2011
352,2590.0,RIDGWAY HIGH SCHOOL,7346.0,1.0,1.0,1.0,1.0,2011
353,2600.0,PLATTE CANYON HIGH SCHOOL,7046.0,1.0,0.0,1.0,0.0,2011
354,2610.0,SOUTH PARK HIGH SCHOOL,8118.0,1.0,0.0,0.0,0.0,2011
355,2620.0,HOLYOKE SENIOR HIGH SCHOOL,4080.0,1.0,0.0,0.0,0.0,2011
356,2630.0,HAXTUN HIGH SCHOOL,3850.0,0.0,0.0,0.0,0.0,2011
357,2640.0,ASPEN HIGH SCHOOL,432.0,1.0,1.0,1.0,0.0,2011
358,2650.0,GRANADA UNDIVIDED HIGH SCHOOL,3546.0,,,,,2011
359,2660.0,LAMAR HIGH SCHOOL,4960.0,0.0,0.0,0.0,0.0,2011
360,2670.0,HOLLY HIGH SCHOOL,4058.0,1.0,0.0,0.0,0.0,2011
361,2680.0,WILEY JUNIOR-SENIOR HIGH SCHOOL,9608.0,0.0,0.0,0.0,0.0,2011
362,2690.0,CENTENNIAL HIGH SCHOOL,1402.0,1.0,0.0,0.0,0.0,2011
363,2690.0,CENTRAL HIGH SCHOOL,1454.0,0.0,0.0,0.0,0.0,2011
364,2690.0,DOLORES HUERTA PREPARATORY HIGH SCHOOL,2217.0,1.0,0.0,0.0,0.0,2011
365,2690.0,EAST HIGH SCHOOL,2394.0,0.0,0.0,0.0,0.0,2011
366,2690.0,KEATING CONTINUING EDUCATION,7748.0,0.0,0.0,0.0,0.0,2011
367,2690.0,SOUTH HIGH SCHOOL,8082.0,1.0,0.0,0.0,0.0,2011
368,2690.0,YOUTH & FAMILY ACADEMY CHARTER,9785.0,,,,,2011
369,2700.0,FUTURES ACADEMY,3279.0,0.0,0.0,0.0,0.0,2011
370,2700.0,PUEBLO COUNTY HIGH SCHOOL,7208.0,1.0,0.0,0.0,0.0,2011
371,2700.0,PUEBLO TECHNICAL ACADEMY,7211.0,,,,,2011
372,2700.0,PUEBLO WEST HIGH SCHOOL,7214.0,1.0,0.0,0.0,0.0,2011
373,2700.0,RYE HIGH SCHOOL,7534.0,1.0,0.0,0.0,0.0,2011
374,2700.0,SOUTHERN COLORADO EARLY COLLEGE,7879.0,1.0,0.0,1.0,0.0,2011
375,2710.0,MEEKER HIGH SCHOOL,5762.0,1.0,0.0,0.0,0.0,2011
376,2720.0,RANGELY JUNIOR/SENIOR HIGH SCHOOL,7276.0,0.0,0.0,0.0,0.0,2011
377,2730.0,DEL NORTE HIGH SCHOOL,2150.0,0.0,0.0,0.0,0.0,2011
378,2740.0,BYRON SYRING DELTA CENTER,6030.0,,,,,2011
379,2740.0,MONTE VISTA SENIOR HIGH SCHOOL,6046.0,0.0,0.0,0.0,0.0,2011
380,2740.0,MONTE VISTA ON-LINE ACADEMY,6520.0,,,,,2011
381,2750.0,SARGENT SENIOR HIGH SCHOOL,7664.0,1.0,0.0,0.0,0.0,2011
382,2760.0,HAYDEN HIGH SCHOOL,3862.0,0.0,0.0,0.0,0.0,2011
383,2770.0,STEAMBOAT SPRINGS HIGH SCHOOL,8212.0,1.0,0.0,1.0,0.0,2011
384,2770.0,YAMPA VALLEY SCHOOL,9757.0,,,,,2011
385,2780.0,SOROCO HIGH SCHOOL,8050.0,1.0,0.0,0.0,0.0,2011
386,2790.0,MOUNTAIN VALLEY SENIOR HIGH SCHOOL,6146.0,,,,,2011
387,2800.0,CRESTONE CHARTER SCHOOL,2018.0,,,,,2011
388,2800.0,MOFFAT SENIOR HIGH SCHOOL,5958.0,,,,,2011
389,2810.0,THE ACADEMIC RECOVERY CENTER OF SAN LUIS VALLEY,51.0,,,,,2011
390,2810.0,CENTER HIGH SCHOOL,1420.0,0.0,0.0,0.0,0.0,2011
391,2820.0,SILVERTON HIGH SCHOOL,7904.0,,,,,2011
392,2830.0,TELLURIDE HIGH SCHOOL,8794.0,1.0,0.0,0.0,0.0,2011
393,2840.0,NORWOOD HIGH SCHOOL,6422.0,1.0,0.0,0.0,0.0,2011
394,2862.0,INSIGHT SCHOOL OF COLORADO AT JULESBURG,4369.0,0.0,0.0,0.0,0.0,2011
395,2862.0,JULESBURG HIGH SCHOOL,4492.0,0.0,1.0,0.0,0.0,2011
396,2865.0,REVERE JUNIOR-SENIOR HIGH SCHOOL,7322.0,,,,,2011
397,3000.0,SUMMIT HIGH SCHOOL,8378.0,1.0,0.0,0.0,0.0,2011
398,3010.0,CRIPPLE CREEK-VICTOR JUNIOR-SENIOR HIGH SCHOOL,2024.0,1.0,0.0,0.0,0.0,2011
399,3020.0,WOODLAND PARK HIGH SCHOOL,9696.0,1.0,0.0,0.0,0.0,2011
400,3030.0,AKRON HIGH SCHOOL,90.0,0.0,0.0,0.0,0.0,2011
401,3040.0,ARICKAREE UNDIVIDED HIGH SCHOOL,308.0,,,,,2011
402,3050.0,OTIS JUNIOR-SENIOR HIGH SCHOOL,6586.0,1.0,1.0,1.0,0.0,2011
403,3060.0,LONE STAR UNDIVIDED HIGH SCHOOL,5258.0,,,,,2011
404,3070.0,WOODLIN UNDIVIDED HIGH SCHOOL,9704.0,,,,,2011
405,3080.0,VALLEY HIGH SCHOOL,9032.0,0.0,0.0,0.0,0.0,2011
406,3085.0,EATON HIGH SCHOOL,2456.0,1.0,0.0,0.0,0.0,2011
407,3090.0,WELD CENTRAL SENIOR HIGH SCHOOL,1446.0,0.0,0.0,0.0,0.0,2011
408,3100.0,WINDSOR HIGH SCHOOL,9672.0,1.0,0.0,0.0,0.0,2011
409,3110.0,ROOSEVELT HIGH SCHOOL,7490.0,0.0,0.0,0.0,0.0,2011
410,3120.0,COLORADO HIGH SCHOOL OF GREELEY,1780.0,,,,,2011
411,3120.0,FRONTIER CHARTER ACADEMY,1875.0,1.0,1.0,1.0,0.0,2011
412,3120.0,UNIVERSITY SCHOOLS,2850.0,1.0,0.0,0.0,0.0,2011
413,3120.0,GREELEY CENTRAL HIGH SCHOOL,3610.0,0.0,0.0,0.0,0.0,2011
414,3120.0,GREELEY WEST HIGH SCHOOL,3614.0,0.0,0.0,0.0,0.0,2011
415,3120.0,JEFFERSON HIGH SCHOOL,4425.0,0.0,0.0,0.0,0.0,2011
416,3120.0,NORTHRIDGE HIGH SCHOOL,6364.0,0.0,0.0,0.0,0.0,2011
417,3120.0,TRADEMARK LEARNING CENTER,8890.0,,,,,2011
418,3120.0,UNION COLONY PREPARATORY SCHOOL,8965.0,1.0,0.0,1.0,0.0,2011
419,3130.0,PLATTE VALLEY HIGH SCHOOL,4670.0,0.0,0.0,0.0,0.0,2011
420,3140.0,FORT LUPTON HIGH SCHOOL,3070.0,0.0,0.0,0.0,0.0,2011
421,3145.0,HIGHLAND HIGH SCHOOL,3962.0,0.0,0.0,0.0,0.0,2011
422,3146.0,BRIGGSDALE UNDIVIDED HIGH SCHOOL,1012.0,,,,,2011
423,3147.0,PRAIRIE JUNIOR-SENIOR HIGH SCHOOL,7156.0,,,,,2011
424,3148.0,PAWNEE JUNIOR-SENIOR HIGH SCHOOL,6812.0,,,,,2011
425,3200.0,YUMA HIGH SCHOOL,9799.0,0.0,0.0,0.0,0.0,2011
426,3210.0,WRAY HIGH SCHOOL,9733.0,0.0,0.0,0.0,0.0,2011
427,3220.0,IDALIA JUNIOR-SENIOR HIGH SCHOOL,4231.0,,,,,2011
428,3230.0,LIBERTY JUNIOR-SENIOR HIGH SCHOOL,5123.0,,,,,2011
429,8001.0,COLORADO DISTANCE & ELECTRONIC LEARNING ACADEMY,656.0,,,,,2011
430,8001.0,COLORADO SPRINGS EARLY COLLEGES,1795.0,1.0,0.0,0.0,0.0,2011
431,8001.0,COLORADO PROVOST ACADEMY,1877.0,,,,,2011
432,8001.0,EARLY COLLEGE HIGH SCHOOL AT ARVADA,2837.0,1.0,0.0,0.0,0.0,2011
433,8001.0,GOAL ACADEMY,3475.0,0.0,0.0,0.0,0.0,2011
434,8001.0,THE PINNACLE CHARTER SCHOOL HIGH,6914.0,0.0,0.0,0.0,0.0,2011
435,8001.0,PIKES PEAK PREP,8929.0,,,,,2011
436,8001.0,THE VANGUARD SCHOOL (HIGH),9057.0,1.0,1.0,1.0,1.0,2011
437,9000.0,COLORADO SCHOOL FOR THE DEAF AND BLIND,9999.0,,,,,2011
438,9030.0,YAMPAH MOUNTAIN SCHOOL,6134.0,0.0,0.0,0.0,0.0,2011
439,9030.0,MOUNTAIN BOCES DAY TREATMENT CENTER,6136.0,,,,,2011
440,9030.0,YAMPAH TEEN PARENT PROGRAM,9797.0,,,,,2011
441,9095.0,YAMPA VALLEY HIGH SCHOOL,9787.0,,,,,2011
442,9130.0,EXPEDITIONARY LEARNING SCHOOL,2840.0,1.0,0.0,0.0,0.0,2011
0,10.0,ACADEMY HIGH SCHOOL,309.0,0.0,0.0,0.0,0.0,2012
1,10.0,COLORADO CONNECTIONS ACADEMY,1796.0,1.0,0.0,1.0,0.0,2012
2,10.0,DISTRICT RESULTS,0.0,0.0,0.0,0.0,0.0,2012
3,10.0,GLOBAL LEADERSHIP ACADEMY,263.0,0.0,0.0,0.0,0.0,2012
4,10.0,MAPLETON EARLY COLLEGE HIGH SCHOOL,212.0,1.0,0.0,0.0,0.0,2012
5,10.0,MAPLETON EXPEDITIONARY SCHOOL OF THE ARTS,187.0,0.0,0.0,0.0,0.0,2012
6,10.0,THE NEW AMERICA SCHOOL,4699.0,0.0,0.0,0.0,0.0,2012
7,10.0,YORK INTERNATIONAL,503.0,1.0,0.0,0.0,0.0,2012
8,20.0,ACADEMY OF CHARTER SCHOOLS,15.0,1.0,0.0,0.0,0.0,2012
9,20.0,COLORADO VIRTUAL ACADEMY (COVA),1752.0,1.0,0.0,0.0,0.0,2012
10,20.0,DISTRICT RESULTS,0.0,1.0,0.0,0.0,0.0,2012
11,20.0,HORIZON HIGH SCHOOL,4108.0,1.0,0.0,0.0,0.0,2012
12,20.0,LEGACY HIGH SCHOOL,5043.0,1.0,1.0,1.0,0.0,2012
13,20.0,MOUNTAIN RANGE HIGH SCHOOL,6060.0,1.0,0.0,0.0,0.0,2012
14,20.0,NORTHGLENN HIGH SCHOOL,6402.0,0.0,0.0,0.0,0.0,2012
15,20.0,THORNTON HIGH SCHOOL,5816.0,0.0,0.0,0.0,0.0,2012
16,20.0,VANTAGE POINT,210.0,0.0,0.0,0.0,0.0,2012
17,30.0,ADAMS CITY HIGH SCHOOL,24.0,0.0,0.0,0.0,0.0,2012
18,30.0,DISTRICT RESULTS,0.0,0.0,0.0,0.0,0.0,2012
19,30.0,LESTER R ARNOLD HIGH SCHOOL,22.0,0.0,0.0,0.0,0.0,2012
20,40.0,ADAMS YOUTH SERVICE CENTER,9801.0,,,,,2012
21,40.0,BRIGHTON HERITAGE ACADEMY,1021.0,0.0,0.0,0.0,0.0,2012
22,40.0,BRIGHTON HIGH SCHOOL,1022.0,0.0,0.0,0.0,0.0,2012
23,40.0,DISTRICT RESULTS,0.0,0.0,0.0,0.0,0.0,2012
24,40.0,EAGLE RIDGE ACADEMY,2399.0,1.0,0.0,1.0,0.0,2012
25,40.0,PRAIRIE VIEW HIGH SCHOOL,7129.0,0.0,0.0,0.0,0.0,2012
26,50.0,BENNETT HIGH SCHOOL,775.0,0.0,0.0,0.0,0.0,2012
27,50.0,DISTRICT RESULTS,0.0,0.0,0.0,0.0,0.0,2012
28,60.0,DISTRICT RESULTS,0.0,1.0,0.0,0.0,0.0,2012
29,60.0,STRASBURG HIGH SCHOOL,8334.0,1.0,0.0,0.0,0.0,2012
30,70.0,DISTRICT RESULTS,0.0,0.0,0.0,0.0,0.0,2012
31,70.0,HIDDEN LAKE HIGH SCHOOL,3931.0,0.0,0.0,0.0,0.0,2012
32,70.0,WESTMINSTER HIGH SCHOOL,9466.0,0.0,0.0,0.0,0.0,2012
33,100.0,ALAMOSA HIGH SCHOOL,118.0,0.0,0.0,0.0,0.0,2012
34,100.0,ALAMOSA OMBUDSMAN SCHOOL OF EXCELLE,368.0,,,,,2012
35,100.0,DISTRICT RESULTS,0.0,0.0,0.0,0.0,0.0,2012
36,110.0,DISTRICT RESULTS,0.0,1.0,0.0,0.0,0.0,2012
37,110.0,SANGRE DE CRISTO UNDIVIDED HIGH SCH,7630.0,1.0,0.0,0.0,0.0,2012
38,120.0,COLORADO'S FINEST ALTERNATIVE HIGH,206.0,0.0,0.0,0.0,0.0,2012
39,120.0,DISTRICT RESULTS,0.0,0.0,0.0,0.0,0.0,2012
40,120.0,ENGLEWOOD HIGH SCHOOL,2746.0,0.0,0.0,0.0,0.0,2012
41,123.0,DISTRICT RESULTS,0.0,0.0,0.0,0.0,0.0,2012
42,123.0,SHERIDAN HIGH SCHOOL,7842.0,0.0,0.0,0.0,0.0,2012
43,130.0,CHEROKEE TRAIL HIGH SCHOOL,1551.0,1.0,0.0,0.0,0.0,2012
44,130.0,CHERRY CREEK HIGH SCHOOL,1570.0,1.0,1.0,1.0,0.0,2012
45,130.0,DISTRICT RESULTS,0.0,1.0,0.0,0.0,0.0,2012
46,130.0,EAGLECREST HIGH SCHOOL,2357.0,1.0,0.0,0.0,0.0,2012
47,130.0,GRANDVIEW HIGH SCHOOL,3589.0,1.0,1.0,1.0,0.0,2012
48,130.0,OVERLAND HIGH SCHOOL,6625.0,0.0,0.0,0.0,0.0,2012
49,130.0,SMOKY HILL HIGH SCHOOL,8020.0,1.0,0.0,0.0,0.0,2012
50,140.0,ARAPAHOE HIGH SCHOOL,298.0,1.0,1.0,1.0,0.0,2012
51,140.0,DISTRICT RESULTS,0.0,1.0,1.0,1.0,0.0,2012
52,140.0,HERITAGE HIGH SCHOOL,3930.0,1.0,1.0,1.0,0.0,2012
53,140.0,LITTLETON HIGH SCHOOL,5224.0,1.0,0.0,1.0,0.0,2012
54,170.0,DEER TRAIL JUNIOR-SENIOR HIGH SCHOO,2140.0,,,,,2012
55,170.0,DISTRICT RESULTS,0.0,,,,,2012
56,180.0,APS ONLINE SCHOOL,219.0,0.0,0.0,0.0,0.0,2012
57,180.0,AURORA CENTRAL HIGH SCHOOL,1458.0,0.0,0.0,0.0,0.0,2012
58,180.0,DISTRICT RESULTS,0.0,0.0,0.0,0.0,0.0,2012
59,180.0,GATEWAY HIGH SCHOOL,3354.0,0.0,0.0,0.0,0.0,2012
60,180.0,HINKLEY HIGH SCHOOL,4024.0,0.0,0.0,0.0,0.0,2012
61,180.0,LOTUS SCHOOL FOR EXCELLENCE,5298.0,0.0,0.0,0.0,0.0,2012
62,180.0,NEW AMERICA SCHOOL,6219.0,0.0,0.0,0.0,0.0,2012
63,180.0,RANGEVIEW HIGH SCHOOL,7250.0,1.0,0.0,0.0,0.0,2012
64,180.0,WILLIAM SMITH HIGH SCHOOL,8356.0,1.0,0.0,0.0,0.0,2012
65,190.0,BYERS JUNIOR-SENIOR HIGH SCHOOL,1176.0,1.0,0.0,0.0,0.0,2012
66,190.0,DISTRICT RESULTS,0.0,1.0,0.0,0.0,0.0,2012
67,220.0,DISTRICT RESULTS,0.0,1.0,0.0,0.0,0.0,2012
68,220.0,PAGOSA SPRINGS HIGH SCHOOL,6658.0,1.0,0.0,0.0,0.0,2012
69,230.0,DISTRICT RESULTS,0.0,,,,,2012
70,230.0,WALSH HIGH SCHOOL,9226.0,,,,,2012
71,240.0,DISTRICT RESULTS,0.0,,,,,2012
72,240.0,PRITCHETT HIGH SCHOOL,7180.0,,,,,2012
73,250.0,DISTRICT RESULTS,0.0,1.0,0.0,0.0,0.0,2012
74,250.0,SPRINGFIELD HIGH SCHOOL,8168.0,1.0,0.0,0.0,0.0,2012
75,260.0,DISTRICT RESULTS,0.0,,,,,2012
76,260.0,V.I.L.A.S. ONLINE SCHOOL,9085.0,,,,,2012
77,260.0,VILAS UNDIVIDED HIGH SCHOOL,9100.0,,,,,2012
78,270.0,CAMPO UNDIVIDED HIGH SCHOOL,1252.0,,,,,2012
79,270.0,DISTRICT RESULTS,0.0,,,,,2012
80,290.0,DISTRICT RESULTS,0.0,0.0,0.0,0.0,0.0,2012
81,290.0,LAS ANIMAS HIGH SCHOOL,4990.0,0.0,0.0,0.0,0.0,2012
82,310.0,DISTRICT RESULTS,0.0,0.0,0.0,0.0,0.0,2012
83,310.0,MC CLAVE UNDIVIDED HIGH SCHOOL,5670.0,0.0,0.0,0.0,0.0,2012
84,470.0,ADULT EDUCATION/LINCOLN CENTER,6499.0,,,,,2012
85,470.0,DISTRICT RESULTS,0.0,1.0,0.0,0.0,0.0,2012
86,470.0,ERIE HIGH SCHOOL,2761.0,1.0,0.0,0.0,0.0,2012
87,470.0,FREDERICK SENIOR HIGH SCHOOL,3196.0,0.0,0.0,0.0,0.0,2012
88,470.0,LONGMONT HIGH SCHOOL,5282.0,1.0,0.0,0.0,0.0,2012
89,470.0,LYONS MIDDLE/SENIOR HIGH SCHOOL,5368.0,1.0,1.0,1.0,0.0,2012
90,470.0,MEAD HIGH SCHOOL,5722.0,1.0,0.0,0.0,0.0,2012
91,470.0,NIWOT HIGH SCHOOL,6276.0,1.0,1.0,1.0,0.0,2012
92,470.0,OLDE COLUMBINE HIGH SCHOOL,6498.0,0.0,0.0,0.0,0.0,2012
93,470.0,SILVER CREEK HIGH SCHOOL,7789.0,1.0,0.0,0.0,0.0,2012
94,470.0,SKYLINE HIGH SCHOOL,7954.0,1.0,0.0,0.0,0.0,2012
95,470.0,ST. VRAIN GLOBAL ONLINE ACADEMY,7839.0,0.0,0.0,0.0,0.0,2012
96,480.0,ARAPAHOE RIDGE HIGH SCHOOL,125.0,0.0,0.0,0.0,0.0,2012
97,480.0,BOULDER HIGH SCHOOL,924.0,1.0,1.0,1.0,0.0,2012
98,480.0,BOULDER PREP CHARTER HIGH SCHOOL,934.0,0.0,0.0,0.0,0.0,2012
99,480.0,BOULDER UNIVERSAL,930.0,,,,,2012
100,480.0,BROOMFIELD HIGH SCHOOL,1070.0,1.0,1.0,1.0,0.0,2012
101,480.0,CENTAURUS HIGH SCHOOL,1380.0,1.0,0.0,0.0,0.0,2012
102,480.0,DISTRICT RESULTS,0.0,1.0,1.0,1.0,0.0,2012
103,480.0,FAIRVIEW HIGH SCHOOL,2892.0,1.0,1.0,1.0,1.0,2012
104,480.0,HALCYON SCHOOL (SPECIAL EDUCATION),3499.0,,,,,2012
105,480.0,JUSTICE HIGH CHARTER SCHOOL,4496.0,,,,,2012
106,480.0,MONARCH HIGH SCHOOL,5999.0,1.0,1.0,1.0,0.0,2012
107,480.0,NEDERLAND MIDDLE-SENIOR HIGH SCHOOL,6212.0,1.0,0.0,0.0,0.0,2012
108,480.0,NEW VISTA HIGH SCHOOL,6195.0,1.0,0.0,1.0,0.0,2012
109,480.0,PEAK TO PEAK CHARTER SCHOOL,6816.0,1.0,1.0,1.0,1.0,2012
110,490.0,BUENA VISTA HIGH SCHOOL,1130.0,1.0,0.0,1.0,0.0,2012
111,490.0,BUENA VISTA ONLINE ACADEMY,1154.0,,,,,2012
112,490.0,CHAFFEE COUNTY HIGH SCHOOL,1508.0,,,,,2012
113,490.0,DISTRICT RESULTS,0.0,1.0,0.0,0.0,0.0,2012
114,500.0,DISTRICT RESULTS,0.0,1.0,0.0,0.0,0.0,2012
115,500.0,HORIZONS EXPLORATORY ACADEMY,4085.0,,,,,2012
116,500.0,SALIDA HIGH SCHOOL,7568.0,1.0,0.0,0.0,0.0,2012
117,510.0,DISTRICT RESULTS,0.0,,,,,2012
118,510.0,KIT CARSON JUNIOR-SENIOR HIGH SCHOO,4742.0,,,,,2012
119,520.0,CHEYENNE WELLS HIGH SCHOOL,1612.0,0.0,0.0,0.0,0.0,2012
120,520.0,DISTRICT RESULTS,0.0,0.0,0.0,0.0,0.0,2012
121,540.0,CLEAR CREEK HIGH SCHOOL,4216.0,1.0,0.0,1.0,0.0,2012
122,540.0,DISTRICT RESULTS,0.0,1.0,0.0,1.0,0.0,2012
123,550.0,CENTAURI HIGH SCHOOL,1378.0,1.0,0.0,0.0,0.0,2012
124,550.0,DISTRICT RESULTS,0.0,0.0,0.0,0.0,0.0,2012
125,550.0,LA JARA SECOND CHANCE SCHOOL,4837.0,,,,,2012
126,560.0,DISTRICT RESULTS,0.0,,,,,2012
127,560.0,SANFORD JUNIOR/SENIOR HIGH SCHOOL,7616.0,,,,,2012
128,580.0,ANTONITO HIGH SCHOOL,252.0,,,,,2012
129,580.0,DISTRICT RESULTS,0.0,,,,,2012
130,640.0,CENTENNIAL HIGH SCHOOL,1398.0,0.0,0.0,0.0,0.0,2012
131,640.0,DISTRICT RESULTS,0.0,0.0,0.0,0.0,0.0,2012
132,740.0,DISTRICT RESULTS,0.0,0.0,0.0,0.0,0.0,2012
133,740.0,SIERRA GRANDE SENIOR HIGH SCHOOL,7880.0,0.0,0.0,0.0,0.0,2012
134,770.0,CROWLEY COUNTY HIGH SCHOOL,2058.0,0.0,0.0,0.0,0.0,2012
135,770.0,DISTRICT RESULTS,0.0,0.0,0.0,0.0,0.0,2012
136,860.0,CUSTER COUNTY HIGH SCHOOL,2092.0,0.0,0.0,0.0,0.0,2012
137,860.0,DISTRICT RESULTS,0.0,0.0,0.0,0.0,0.0,2012
138,870.0,CEDAREDGE HIGH SCHOOL,1372.0,1.0,0.0,0.0,0.0,2012
139,870.0,DELTA COUNTY OPPORTUNITY SCHOOL,2155.0,0.0,0.0,0.0,0.0,2012
140,870.0,DELTA COUNTY VIRTUAL ACADEMY,2293.0,,,,,2012
141,870.0,DELTA HIGH SCHOOL,2164.0,0.0,0.0,0.0,0.0,2012
142,870.0,DELTA VISION SCHOOL,2166.0,0.0,0.0,0.0,0.0,2012
143,870.0,DISTRICT RESULTS,0.0,0.0,0.0,0.0,0.0,2012
144,870.0,HOTCHKISS HIGH SCHOOL,4128.0,1.0,0.0,0.0,0.0,2012
145,870.0,NORTH FORK VISION SCHOOL,9146.0,,,,,2012
146,870.0,PAONIA HIGH SCHOOL,6708.0,1.0,0.0,1.0,0.0,2012
147,870.0,SURFACE CREEK VISION SCHOOL,8419.0,0.0,0.0,0.0,0.0,2012
148,880.0,ABRAHAM LINCOLN HIGH SCHOOL,10.0,0.0,0.0,0.0,0.0,2012
149,880.0,ACADEMY OF URBAN LEARNING,67.0,0.0,0.0,0.0,0.0,2012
150,880.0,BRUCE RANDOLPH SCHOOL,6350.0,0.0,0.0,0.0,0.0,2012
151,880.0,COLORADO HIGH SCHOOL,1748.0,0.0,0.0,0.0,0.0,2012
152,880.0,CONTEMPORARY LEARNING ACADEMY HIGH,5844.0,0.0,0.0,0.0,0.0,2012
153,880.0,DENVER CENTER FOR 21ST LEARNING AT,2188.0,0.0,0.0,0.0,0.0,2012
154,880.0,DENVER CENTER FOR INTERNATIONAL STU,2183.0,1.0,0.0,0.0,0.0,2012
155,880.0,DENVER SCHOOL OF THE ARTS,2184.0,1.0,0.0,1.0,0.0,2012
156,880.0,DISTRICT RESULTS,0.0,0.0,0.0,0.0,0.0,2012
157,880.0,DSST: STAPLETON,2185.0,1.0,1.0,1.0,0.0,2012
158,880.0,EAST HIGH SCHOOL,2398.0,1.0,0.0,1.0,0.0,2012
159,880.0,EMILY GRIFFITH TECHNICAL COLLEGE,2726.0,0.0,0.0,0.0,0.0,2012
160,880.0,ESCUELA TLATELOLCO SCHOOL,2789.0,0.0,0.0,0.0,0.0,2012
161,880.0,FLORENCE CRITTENTON HIGH SCHOOL,3000.0,0.0,0.0,0.0,0.0,2012
162,880.0,FRED N THOMAS CAREER EDUCATION CENT,1319.0,1.0,0.0,0.0,0.0,2012
163,880.0,GEORGE WASHINGTON HIGH SCHOOL,3378.0,1.0,0.0,0.0,0.0,2012
164,880.0,JOHN F KENNEDY HIGH SCHOOL,4444.0,1.0,0.0,0.0,0.0,2012
165,880.0,JUSTICE HIGH SCHOOL DENVER,4494.0,0.0,0.0,0.0,0.0,2012
166,880.0,KIPP DENVER COLLEGIATE HIGH SCHOOL,4730.0,1.0,0.0,0.0,0.0,2012
167,880.0,LIFE SKILLS CENTER OF DENVER,5129.0,0.0,0.0,0.0,0.0,2012
168,880.0,MANUAL HIGH SCHOOL,5448.0,0.0,0.0,0.0,0.0,2012
169,880.0,MARTIN LUTHER KING JR. EARLY COLLEG,5605.0,0.0,0.0,0.0,0.0,2012
170,880.0,MONTBELLO HIGH SCHOOL,5995.0,0.0,0.0,0.0,0.0,2012
171,880.0,NORTH HIGH SCHOOL,6314.0,0.0,0.0,0.0,0.0,2012
172,880.0,ONLINE HIGH SCHOOL,6509.0,1.0,0.0,1.0,0.0,2012
173,880.0,PREP ASSESSMENT CENTER,7163.0,,,,,2012
174,880.0,RIDGE VIEW ACADEMY CHARTER SCHOOL,40.0,0.0,0.0,0.0,0.0,2012
175,880.0,SOUTH HIGH SCHOOL,8086.0,0.0,0.0,0.0,0.0,2012
176,880.0,SOUTHWEST EARLY COLLEGE CHARTER SCH,8132.0,0.0,0.0,0.0,0.0,2012
177,880.0,SUMMIT ACADEMY,8145.0,0.0,0.0,0.0,0.0,2012
178,880.0,THOMAS JEFFERSON HIGH SCHOOL,8822.0,1.0,0.0,0.0,0.0,2012
179,880.0,VENTURE PREP,2755.0,0.0,0.0,0.0,0.0,2012
180,880.0,VISTA ACADEMY,8995.0,0.0,0.0,0.0,0.0,2012
181,880.0,WEST HIGH SCHOOL,9408.0,0.0,0.0,0.0,0.0,2012
182,890.0,DISTRICT RESULTS,0.0,,,,,2012
183,890.0,DOVE CREEK HIGH SCHOOL,2216.0,,,,,2012
184,900.0,CASTLE VIEW HIGH SCHOOL,1367.0,1.0,0.0,0.0,0.0,2012
185,900.0,CHAPARRAL HIGH SCHOOL,1503.0,1.0,0.0,0.0,0.0,2012
186,900.0,DANIEL C OAKES HIGH SCHOOLCASTLE ROCK,201.0,0.0,0.0,0.0,0.0,2012
187,900.0,DISTRICT RESULTS,0.0,1.0,0.0,1.0,0.0,2012
188,900.0,DOUGLAS COUNTY HIGH SCHOOL,2230.0,1.0,0.0,1.0,0.0,2012
189,900.0,EAGLE ACADEMY,2338.0,0.0,0.0,0.0,0.0,2012
190,900.0,EDCSD: COLORADO CYBER SCHOOL,5405.0,,,,,2012
191,900.0,HIGHLANDS RANCH HIGH SCHOOL,3980.0,1.0,1.0,1.0,0.0,2012
192,900.0,HOPE ON-LINE,3995.0,0.0,0.0,0.0,0.0,2012
193,900.0,LEGEND HIGH SCHOOL,4271.0,1.0,0.0,1.0,0.0,2012
194,900.0,MOUNTAIN VISTA HIGH SCHOOL,6165.0,1.0,1.0,1.0,0.0,2012
195,900.0,PONDEROSA HIGH SCHOOL,7118.0,1.0,0.0,1.0,0.0,2012
196,900.0,ROCK CANYON HIGH SCHOOL,7435.0,1.0,1.0,1.0,0.0,2012
197,900.0,THUNDERRIDGE HIGH SCHOOL,8847.0,1.0,1.0,1.0,0.0,2012
198,910.0,BATTLE MOUNTAIN HIGH SCHOOL,604.0,0.0,0.0,0.0,0.0,2012
199,910.0,DISTRICT RESULTS,0.0,1.0,0.0,0.0,0.0,2012
200,910.0,EAGLE VALLEY HIGH SCHOOL,2350.0,1.0,0.0,0.0,0.0,2012
201,910.0,NEW AMERICA CHARTER SCHOOL,6238.0,,,,,2012
202,910.0,RED CANYON HIGH SCHOOL,205.0,0.0,0.0,0.0,0.0,2012
203,910.0,"VAIL SKI AND SNOWBOARD ACADEMY (USSA),",9061.0,,,,,2012
204,910.0,WORLD ACADEMY,9701.0,,,,,2012
205,920.0,DISTRICT RESULTS,0.0,1.0,0.0,1.0,0.0,2012
206,920.0,ELIZABETH HIGH SCHOOL,2608.0,1.0,0.0,1.0,0.0,2012
207,920.0,FRONTIER HIGH SCHOOL,3236.0,0.0,0.0,0.0,0.0,2012
208,930.0,DISTRICT RESULTS,0.0,1.0,0.0,0.0,0.0,2012
209,930.0,KIOWA HIGH SCHOOL,4728.0,1.0,0.0,0.0,0.0,2012
210,940.0,DISTRICT RESULTS,0.0,1.0,0.0,0.0,0.0,2012
211,940.0,SIMLA HIGH SCHOOL,7922.0,1.0,0.0,0.0,0.0,2012
212,950.0,DISTRICT RESULTS,0.0,1.0,0.0,0.0,0.0,2012
213,950.0,ELBERT JUNIOR-SENIOR HIGH SCHOOL,2574.0,1.0,0.0,0.0,0.0,2012
214,970.0,CALHAN HIGH SCHOOL,1218.0,0.0,0.0,0.0,0.0,2012
215,970.0,DISTRICT RESULTS,0.0,0.0,0.0,0.0,0.0,2012
216,980.0,DISTRICT RESULTS,0.0,1.0,0.0,0.0,0.0,2012
217,980.0,HARRISON HIGH SCHOOL,3806.0,1.0,0.0,0.0,0.0,2012
218,980.0,JAMES IRWIN CHARTER HIGH SCHOOL,4378.0,1.0,1.0,1.0,0.0,2012
219,980.0,NEW HORIZONS DAY SCHOOL,6244.0,0.0,0.0,0.0,0.0,2012
220,980.0,SIERRA HIGH SCHOOL,7882.0,0.0,0.0,0.0,0.0,2012
221,990.0,DISCOVERY HIGH SCHOOL,9560.0,0.0,0.0,0.0,0.0,2012
222,990.0,DISTRICT RESULTS,0.0,0.0,0.0,0.0,0.0,2012
223,990.0,MESA RIDGE HIGH SCHOOL,5841.0,0.0,0.0,0.0,0.0,2012
224,990.0,WIDEFIELD HIGH SCHOOL,9566.0,0.0,0.0,0.0,0.0,2012
225,1000.0,DISTRICT RESULTS,0.0,1.0,0.0,0.0,0.0,2012
226,1000.0,FOUNTAIN-FORT CARSON HIGH SCHOOL,3110.0,1.0,0.0,0.0,0.0,2012
227,1000.0,LORRAINE SECONDARY SCHOOL,203.0,0.0,0.0,0.0,0.0,2012
228,1010.0,ACHIEVEK12,269.0,,,,,2012
229,1010.0,CIVA CHARTER ACADEMY,1616.0,0.0,0.0,0.0,0.0,2012
230,1010.0,COMMUNITY PREP CHARTER SCHOOL,1885.0,0.0,0.0,0.0,0.0,2012
231,1010.0,CORONADO HIGH SCHOOL,1870.0,1.0,0.0,0.0,0.0,2012
232,1010.0,DISTRICT RESULTS,0.0,1.0,0.0,0.0,0.0,2012
233,1010.0,DOHERTY HIGH SCHOOL,2202.0,1.0,0.0,0.0,0.0,2012
234,1010.0,LIFE SKILLS CENTER OF COLORADO SPRI,5146.0,0.0,0.0,0.0,0.0,2012
235,1010.0,MITCHELL HIGH SCHOOL,5948.0,0.0,0.0,0.0,0.0,2012
236,1010.0,NIKOLA TESLA EDUCATION OPPORTUNITY,2528.0,0.0,0.0,0.0,0.0,2012
237,1010.0,PALMER HIGH SCHOOL,6680.0,1.0,0.0,0.0,0.0,2012
238,1010.0,THE BIJOU SCHOOL,871.0,0.0,0.0,0.0,0.0,2012
239,1010.0,WASSON HIGH SCHOOL,9298.0,0.0,0.0,0.0,0.0,2012
240,1020.0,CHEYENNE MOUNTAIN HIGH SCHOOL,1590.0,1.0,1.0,1.0,0.0,2012
241,1020.0,DISTRICT RESULTS,0.0,1.0,1.0,1.0,0.0,2012
242,1030.0,DISTRICT RESULTS,0.0,1.0,0.0,1.0,0.0,2012
243,1030.0,MANITOU SPRINGS HIGH SCHOOL,5468.0,1.0,0.0,1.0,0.0,2012
244,1040.0,ACADEMY ONLINE HIGH SCHOOL,110.0,,,,,2012
245,1040.0,AIR ACADEMY HIGH SCHOOL,76.0,1.0,0.0,1.0,0.0,2012
246,1040.0,ASPEN VALLEY HIGH SCHOOL,209.0,1.0,0.0,0.0,0.0,2012
247,1040.0,DISCOVERY CANYON CAMPUS SCHOOL,2195.0,1.0,0.0,1.0,0.0,2012
248,1040.0,DISTRICT RESULTS,0.0,1.0,0.0,1.0,0.0,2012
249,1040.0,LIBERTY HIGH SCHOOL,5126.0,1.0,0.0,1.0,0.0,2012
250,1040.0,PINE CREEK HIGH SCHOOL,6937.0,1.0,0.0,1.0,0.0,2012
251,1040.0,RAMPART HIGH SCHOOL,7240.0,1.0,0.0,1.0,0.0,2012
252,1040.0,TCA COLLEGE PATHWAYS,8779.0,1.0,1.0,1.0,0.0,2012
253,1040.0,THE CLASSICAL ACADEMY HIGH SCHOOL,1630.0,1.0,1.0,1.0,0.0,2012
254,1050.0,DISTRICT RESULTS,0.0,1.0,0.0,0.0,0.0,2012
255,1050.0,ELLICOTT SENIOR HIGH SCHOOL,2642.0,1.0,0.0,0.0,0.0,2012
256,1060.0,DISTRICT RESULTS,0.0,1.0,0.0,0.0,0.0,2012
257,1060.0,PEYTON JUNIOR/SENIOR HIGH SCHOOL,6902.0,1.0,0.0,0.0,0.0,2012
258,1070.0,DISTRICT RESULTS,0.0,,,,,2012
259,1070.0,HANOVER JUNIOR-SENIOR HIGH SCHOOL,3758.0,,,,,2012
260,1080.0,DISTRICT RESULTS,0.0,1.0,1.0,1.0,0.0,2012
261,1080.0,LEWIS-PALMER HIGH SCHOOL,5100.0,1.0,1.0,1.0,0.0,2012
262,1080.0,PALMER RIDGE HIGH SCHOOL,6678.0,1.0,1.0,1.0,0.0,2012
263,1110.0,DISTRICT RESULTS,0.0,1.0,0.0,0.0,0.0,2012
264,1110.0,FALCON HIGH SCHOOL,2908.0,1.0,0.0,0.0,0.0,2012
265,1110.0,FALCON VIRTUAL ACADEMY,2877.0,,,,,2012
266,1110.0,PATRIOT LEARNING CENTER,6810.0,0.0,0.0,0.0,0.0,2012
267,1110.0,SAND CREEK HIGH SCHOOL,7613.0,1.0,0.0,0.0,0.0,2012
268,1110.0,VISTA RIDGE HIGH SCHOOL,8791.0,1.0,0.0,0.0,0.0,2012
269,1120.0,DISTRICT RESULTS,0.0,1.0,1.0,1.0,0.0,2012
270,1120.0,EDISON ACADEMY,2504.0,,,,,2012
271,1120.0,EDISON JUNIOR-SENIOR HIGH SCHOOL,2526.0,,,,,2012
272,1130.0,DISTRICT RESULTS,0.0,0.0,0.0,0.0,0.0,2012
273,1130.0,MIAMI-YODER SENIOR HIGH SCHOOL,5854.0,0.0,0.0,0.0,0.0,2012
274,1140.0,CANON CITY HIGH SCHOOL,1266.0,1.0,0.0,0.0,0.0,2012
275,1140.0,DISTRICT RESULTS,0.0,1.0,0.0,0.0,0.0,2012
276,1140.0,GARDEN PARK HIGH SCHOOL,3211.0,0.0,0.0,0.0,0.0,2012
277,1150.0,DISTRICT RESULTS,0.0,1.0,0.0,0.0,0.0,2012
278,1150.0,FLORENCE HIGH SCHOOL,3002.0,1.0,0.0,0.0,0.0,2012
279,1150.0,FOCUS ACADEMY,2961.0,,,,,2012
280,1160.0,COTOPAXI JUNIOR-SENIOR HIGH SCHOOL,3228.0,0.0,0.0,0.0,0.0,2012
281,1160.0,DISTRICT RESULTS,0.0,0.0,0.0,0.0,0.0,2012
282,1180.0,BASALT HIGH SCHOOL,570.0,0.0,0.0,0.0,0.0,2012
283,1180.0,BRIDGES,1006.0,0.0,0.0,0.0,0.0,2012
284,1180.0,DISTRICT RESULTS,0.0,1.0,0.0,0.0,0.0,2012
285,1180.0,GLENWOOD SPRINGS HIGH SCHOOL,3468.0,1.0,0.0,0.0,0.0,2012
286,1180.0,ROARING FORK HIGH SCHOOL,7422.0,0.0,0.0,0.0,0.0,2012
287,1195.0,COAL RIDGE HIGH SCHOOL,65.0,1.0,0.0,0.0,0.0,2012
288,1195.0,DISTRICT RESULTS,0.0,0.0,0.0,0.0,0.0,2012
289,1195.0,RIFLE HIGH SCHOOL,7360.0,0.0,0.0,0.0,0.0,2012
290,1220.0,DISTRICT RESULTS,0.0,0.0,0.0,0.0,0.0,2012
291,1220.0,GRAND VALLEY HIGH SCHOOL,3586.0,0.0,0.0,0.0,0.0,2012
292,1330.0,DISTRICT RESULTS,0.0,1.0,0.0,0.0,0.0,2012
293,1330.0,GILPIN COUNTY UNDIVIDED HIGH SCHOOL,1634.0,1.0,0.0,0.0,0.0,2012
294,1340.0,DISTRICT RESULTS,0.0,1.0,0.0,1.0,0.0,2012
295,1340.0,WEST GRAND HIGH SCHOOL,9420.0,1.0,0.0,1.0,0.0,2012
296,1350.0,DISTRICT RESULTS,0.0,1.0,0.0,0.0,0.0,2012
297,1350.0,MIDDLE PARK HIGH SCHOOL,5864.0,1.0,0.0,0.0,0.0,2012
298,1360.0,CRESTED BUTTE COMMUNITY SCHOOL,2006.0,1.0,0.0,1.0,0.0,2012
299,1360.0,DISTRICT RESULTS,0.0,1.0,0.0,0.0,0.0,2012
300,1360.0,GUNNISON HIGH SCHOOL,3694.0,1.0,0.0,0.0,0.0,2012
301,1380.0,DISTRICT RESULTS,0.0,,,,,2012
302,1380.0,LAKE CITY COMMUNITY SCHOOL,4899.0,,,,,2012
303,1390.0,DISTRICT RESULTS,0.0,0.0,0.0,0.0,0.0,2012
304,1390.0,JOHN MALL HIGH SCHOOL,9212.0,0.0,0.0,0.0,0.0,2012
305,1400.0,DISTRICT RESULTS,0.0,1.0,0.0,0.0,0.0,2012
306,1400.0,LA VETA JUNIOR-SENIOR HIGH SCHOOL,4864.0,1.0,0.0,0.0,0.0,2012
307,1410.0,DISTRICT RESULTS,0.0,,,,,2012
308,1410.0,NORTH PARK JUNIOR-SENIOR HIGH SCHOO,6358.0,,,,,2012
309,1420.0,ALAMEDA INTERNATIONAL HIGH SCHOOL,108.0,0.0,0.0,0.0,0.0,2012
310,1420.0,ARVADA HIGH SCHOOL,370.0,0.0,0.0,0.0,0.0,2012
311,1420.0,ARVADA WEST HIGH SCHOOL,378.0,1.0,0.0,1.0,0.0,2012
312,1420.0,BEAR CREEK HIGH SCHOOL,664.0,1.0,0.0,0.0,0.0,2012
313,1420.0,BRADY EXPLORATION SCHOOL,965.0,0.0,0.0,0.0,0.0,2012
314,1420.0,CHATFIELD HIGH SCHOOL,1522.0,1.0,1.0,1.0,0.0,2012
315,1420.0,COLLEGIATE ACADEMY OF COLORADO,7701.0,1.0,0.0,0.0,0.0,2012
316,1420.0,COLUMBINE HIGH SCHOOL,1864.0,1.0,0.0,1.0,0.0,2012
317,1420.0,COMPASS MONTESSORI - GOLDEN CHARTER,1880.0,1.0,1.0,1.0,0.0,2012
318,1420.0,CONIFER SENIOR HIGH SCHOOL,1886.0,1.0,0.0,1.0,0.0,2012
319,1420.0,DAKOTA RIDGE SENIOR HIGH SCHOOL,2093.0,1.0,0.0,1.0,0.0,2012
320,1420.0,D'EVELYN JUNIOR/SENIOR HIGH SCHOOL,2120.0,1.0,1.0,1.0,1.0,2012
321,1420.0,DISTRICT RESULTS,0.0,1.0,0.0,0.0,0.0,2012
322,1420.0,EVERGREEN HIGH SCHOOL,2836.0,1.0,1.0,1.0,1.0,2012
323,1420.0,GOLDEN HIGH SCHOOL,3502.0,1.0,0.0,1.0,0.0,2012
324,1420.0,GREEN MOUNTAIN HIGH SCHOOL,3628.0,1.0,0.0,0.0,0.0,2012
325,1420.0,JEFFCO'S 21ST CENTURY VIRTUAL ACADE,4408.0,1.0,0.0,0.0,0.0,2012
326,1420.0,JEFFERSON CHARTER ACADEMY SENIOR HI,4410.0,1.0,1.0,1.0,0.0,2012
327,1420.0,JEFFERSON COUNTY OPEN SECONDARY,6541.0,1.0,0.0,0.0,0.0,2012
328,1420.0,JEFFERSON HIGH SCHOOL,4422.0,0.0,0.0,0.0,0.0,2012
329,1420.0,LAKEWOOD HIGH SCHOOL,4942.0,1.0,1.0,1.0,0.0,2012
330,1420.0,LONGVIEW HIGH SCHOOL,5623.0,0.0,0.0,0.0,0.0,2012
331,1420.0,MC LAIN HIGH SCHOOL,33.0,0.0,0.0,0.0,0.0,2012
332,1420.0,NEW AMERICA SCHOOL,6237.0,0.0,0.0,0.0,0.0,2012
333,1420.0,POMONA HIGH SCHOOL,7114.0,1.0,0.0,0.0,0.0,2012
334,1420.0,RALSTON VALLEY SENIOR HIGH SCHOOL,7239.0,1.0,1.0,1.0,0.0,2012
335,1420.0,SOBESKY ACADEMY,8036.0,,,,,2012
336,1420.0,STANDLEY LAKE HIGH SCHOOL,8209.0,1.0,0.0,0.0,0.0,2012
337,1420.0,TWO ROADS CHARTER SCHOOL,8793.0,1.0,0.0,1.0,0.0,2012
338,1420.0,WHEAT RIDGE HIGH SCHOOL,9510.0,1.0,0.0,0.0,0.0,2012
339,1430.0,DISTRICT RESULTS,0.0,0.0,0.0,0.0,0.0,2012
340,1430.0,EADS HIGH SCHOOL,2336.0,0.0,0.0,0.0,0.0,2012
341,1440.0,DISTRICT RESULTS,0.0,,,,,2012
342,1440.0,PLAINVIEW JUNIOR-SENIOR HIGH SCHOOL,7009.0,,,,,2012
343,1450.0,DISTRICT RESULTS,0.0,,,,,2012
344,1450.0,FLAGLER SENIOR HIGH SCHOOL,2960.0,,,,,2012
345,1460.0,DISTRICT RESULTS,0.0,,,,,2012
346,1460.0,HI PLAINS UNDIVIDED HIGH SCHOOL,7746.0,,,,,2012
347,1480.0,DISTRICT RESULTS,0.0,,,,,2012
348,1480.0,STRATTON SENIOR HIGH SCHOOL,8354.0,,,,,2012
349,1490.0,BETHUNE JUNIOR-SENIOR HIGH SCHOOL,842.0,,,,,2012
350,1490.0,DISTRICT RESULTS,0.0,,,,,2012
351,1500.0,BURLINGTON HIGH SCHOOL,1152.0,0.0,0.0,0.0,0.0,2012
352,1500.0,DISTRICT RESULTS,0.0,0.0,0.0,0.0,0.0,2012
353,1510.0,DISTRICT RESULTS,0.0,0.0,0.0,0.0,0.0,2012
354,1510.0,LAKE COUNTY HIGH SCHOOL,4904.0,0.0,0.0,0.0,0.0,2012
355,1520.0,DISTRICT RESULTS,0.0,1.0,0.0,0.0,0.0,2012
356,1520.0,DURANGO HIGH SCHOOL,2318.0,1.0,0.0,1.0,0.0,2012
357,1520.0,ROBERT DENIER YOUTH SERVICES CENTER,9806.0,,,,,2012
358,1530.0,BAYFIELD HIGH SCHOOL,640.0,1.0,0.0,0.0,0.0,2012
359,1530.0,DISTRICT RESULTS,0.0,1.0,0.0,0.0,0.0,2012
360,1540.0,DISTRICT RESULTS,0.0,0.0,0.0,0.0,0.0,2012
361,1540.0,IGNACIO HIGH SCHOOL,4258.0,0.0,0.0,0.0,0.0,2012
362,1550.0,CENTENNIAL HIGH SCHOOL,3760.0,0.0,0.0,0.0,0.0,2012
363,1550.0,DISTRICT RESULTS,0.0,1.0,0.0,1.0,0.0,2012
364,1550.0,FORT COLLINS HIGH SCHOOL,3046.0,1.0,0.0,1.0,0.0,2012
365,1550.0,FOSSIL RIDGE HIGH SCHOOL,3105.0,1.0,1.0,1.0,0.0,2012
366,1550.0,LIBERTY COMMON CHARTER SCHOOL,5120.0,1.0,1.0,1.0,1.0,2012
367,1550.0,POLARIS EXPEDITIONARY LEARNING SCHO,7104.0,1.0,0.0,1.0,0.0,2012
368,1550.0,POUDRE COMMUNITY ACADEMY,7127.0,0.0,0.0,0.0,0.0,2012
369,1550.0,POUDRE HIGH SCHOOL,7124.0,1.0,1.0,1.0,0.0,2012
370,1550.0,PSD GLOBAL ACADEMY,7198.0,,,,,2012
371,1550.0,RIDGEVIEW CLASSICAL CHARTER SCHOOLS,146.0,1.0,1.0,1.0,1.0,2012
372,1550.0,ROCKY MOUNTAIN HIGH SCHOOL,7470.0,1.0,0.0,1.0,0.0,2012
373,1560.0,BERTHOUD HIGH SCHOOL,812.0,1.0,0.0,0.0,0.0,2012
374,1560.0,DISTRICT RESULTS,0.0,1.0,0.0,0.0,0.0,2012
375,1560.0,HAROLD FERGUSON HIGH SCHOOL,9260.0,0.0,0.0,0.0,0.0,2012
376,1560.0,LOVELAND HIGH SCHOOL,5316.0,1.0,0.0,1.0,0.0,2012
377,1560.0,MOUNTAIN VIEW HIGH SCHOOL,6163.0,1.0,0.0,0.0,0.0,2012
378,1560.0,THOMPSON ONLINE,8855.0,,,,,2012
379,1560.0,THOMPSON VALLEY HIGH SCHOOL,8824.0,1.0,0.0,1.0,0.0,2012
380,1570.0,DISTRICT RESULTS,0.0,1.0,0.0,0.0,0.0,2012
381,1570.0,ESTES PARK HIGH SCHOOL,2794.0,1.0,0.0,0.0,0.0,2012
382,1580.0,DISTRICT RESULTS,0.0,1.0,0.0,0.0,0.0,2012
383,1580.0,TRINIDAD HIGH SCHOOL,8906.0,1.0,0.0,0.0,0.0,2012
384,1590.0,DISTRICT RESULTS,0.0,1.0,0.0,0.0,0.0,2012
385,1590.0,PRIMERO JUNIOR-SENIOR HIGH SCHOOL,7164.0,1.0,0.0,0.0,0.0,2012
386,1600.0,DISTRICT RESULTS,0.0,1.0,0.0,0.0,0.0,2012
387,1600.0,HOEHNE HIGH SCHOOL,4048.0,1.0,0.0,0.0,0.0,2012
388,1620.0,AGUILAR JUNIOR-SENIOR HIGH SCHOOL,66.0,,,,,2012
389,1620.0,DISTRICT RESULTS,0.0,,,,,2012
390,1750.0,BRANSON SCHOOL ONLINE,948.0,1.0,0.0,0.0,0.0,2012
391,1750.0,BRANSON UNDIVIDED HIGH SCHOOL,978.0,,,,,2012
392,1750.0,DISTRICT RESULTS,0.0,1.0,0.0,0.0,0.0,2012
393,1760.0,DISTRICT RESULTS,0.0,,,,,2012
394,1760.0,KIM UNDIVIDED HIGH SCHOOL,4694.0,,,,,2012
395,1780.0,DISTRICT RESULTS,0.0,,,,,2012
396,1780.0,GENOA-HUGO SENIOR HIGH SCHOOL,4162.0,,,,,2012
397,1790.0,DISTRICT RESULTS,0.0,1.0,0.0,0.0,0.0,2012
398,1790.0,LIMON JUNIOR-SENIOR HIGH SCHOOL,5136.0,1.0,0.0,0.0,0.0,2012
399,1810.0,DISTRICT RESULTS,0.0,0.0,0.0,0.0,0.0,2012
400,1810.0,KARVAL JUNIOR-SENIOR HIGH SCHOOL,4506.0,,,,,2012
401,1810.0,KARVAL ONLINE EDUCATION,4504.0,,,,,2012
402,1828.0,CALICHE JUNIOR-SENIOR HIGH SCHOOL,1224.0,0.0,0.0,0.0,0.0,2012
403,1828.0,DISTRICT RESULTS,0.0,0.0,0.0,0.0,0.0,2012
404,1828.0,SMITH HIGH SCHOOL,202.0,,,,,2012
405,1828.0,STERLING HIGH SCHOOL,8260.0,1.0,0.0,0.0,0.0,2012
406,1850.0,DISTRICT RESULTS,0.0,0.0,0.0,0.0,0.0,2012
407,1850.0,FLEMING HIGH SCHOOL,2988.0,0.0,0.0,0.0,0.0,2012
408,1860.0,DISTRICT RESULTS,0.0,1.0,1.0,1.0,0.0,2012
409,1860.0,MERINO JUNIOR SENIOR HIGH SCHOOL,5806.0,1.0,1.0,1.0,0.0,2012
410,1870.0,DISTRICT RESULTS,0.0,,,,,2012
411,1870.0,PEETZ JUNIOR-SENIOR HIGH SCHOOL,6838.0,,,,,2012
412,1980.0,DE BEQUE UNDIVIDED HIGH SCHOOL,2126.0,,,,,2012
413,1980.0,DISTRICT RESULTS,0.0,,,,,2012
414,1990.0,DISTRICT RESULTS,0.0,0.0,0.0,0.0,0.0,2012
415,1990.0,GRAND MESA HIGH SCHOOL,3582.0,0.0,0.0,0.0,0.0,2012
416,1990.0,PLATEAU VALLEY HIGH SCHOOL,7032.0,1.0,0.0,0.0,0.0,2012
417,2000.0,CENTRAL HIGH SCHOOL,1450.0,0.0,0.0,0.0,0.0,2012
418,2000.0,DISTRICT RESULTS,0.0,1.0,0.0,0.0,0.0,2012
419,2000.0,FRUITA MONUMENT HIGH SCHOOL,6070.0,1.0,0.0,0.0,0.0,2012
420,2000.0,GATEWAY SCHOOL,3350.0,,,,,2012
421,2000.0,GRAND JUNCTION HIGH SCHOOL,3570.0,1.0,0.0,0.0,0.0,2012
422,2000.0,GRAND MESA YOUTH SERVICE CENTER,9807.0,,,,,2012
423,2000.0,GRANDE RIVER VIRTUAL ACADEMY,3604.0,,,,,2012
424,2000.0,MESA VALLEY VISION HOME AND COMMUNITY PROGRAM,5828.0,1.0,0.0,1.0,0.0,2012
425,2000.0,PALISADE HIGH SCHOOL,6666.0,1.0,0.0,0.0,0.0,2012
426,2000.0,R-5 HIGH SCHOOL,7236.0,0.0,0.0,0.0,0.0,2012
427,2010.0,CREEDE MIDDLE/HIGH SCHOOL,1966.0,,,,,2012
428,2010.0,DISTRICT RESULTS,0.0,,,,,2012
429,2020.0,DISTRICT RESULTS,0.0,0.0,0.0,0.0,0.0,2012
430,2020.0,MOFFAT COUNTY HIGH SCHOOL,5962.0,0.0,0.0,0.0,0.0,2012
431,2035.0,DISTRICT RESULTS,0.0,0.0,0.0,0.0,0.0,2012
432,2035.0,MONTEZUMA-CORTEZ HIGH SCHOOL,6026.0,0.0,0.0,0.0,0.0,2012
433,2035.0,SOUTHWEST OPEN CHARTER SCHOOL,8133.0,0.0,0.0,0.0,0.0,2012
434,2055.0,DISTRICT RESULTS,0.0,1.0,0.0,0.0,0.0,2012
435,2055.0,DOLORES HIGH SCHOOL,2208.0,1.0,0.0,0.0,0.0,2012
436,2070.0,DISTRICT RESULTS,0.0,1.0,0.0,0.0,0.0,2012
437,2070.0,MANCOS HIGH SCHOOL,5452.0,1.0,0.0,0.0,0.0,2012
438,2180.0,DISTRICT RESULTS,0.0,1.0,0.0,0.0,0.0,2012
439,2180.0,MONTROSE HIGH SCHOOL,6058.0,1.0,0.0,0.0,0.0,2012
440,2180.0,OLATHE HIGH SCHOOL,6494.0,0.0,0.0,0.0,0.0,2012
441,2180.0,PASSAGE CHARTER SCHOOL,6807.0,,,,,2012
442,2180.0,VISTA CHARTER SCHOOL,9149.0,0.0,0.0,0.0,0.0,2012
443,2190.0,DISTRICT RESULTS,0.0,0.0,0.0,0.0,0.0,2012
444,2190.0,NUCLA HIGH SCHOOL,6436.0,0.0,0.0,0.0,0.0,2012
445,2395.0,BRUSH HIGH SCHOOL,1096.0,1.0,0.0,0.0,0.0,2012
446,2395.0,DISTRICT RESULTS,0.0,1.0,0.0,0.0,0.0,2012
447,2405.0,DISTRICT RESULTS,0.0,0.0,0.0,0.0,0.0,2012
448,2405.0,FORT MORGAN HIGH SCHOOL,3078.0,0.0,0.0,0.0,0.0,2012
449,2405.0,LINCOLN HIGH SCHOOL,5180.0,,,,,2012
450,2505.0,DISTRICT RESULTS,0.0,,,,,2012
451,2505.0,WELDON VALLEY HIGH SCHOOL,9360.0,,,,,2012
452,2515.0,DISTRICT RESULTS,0.0,0.0,0.0,0.0,0.0,2012
453,2515.0,WIGGINS HIGH SCHOOL,9582.0,0.0,0.0,0.0,0.0,2012
454,2520.0,DISTRICT RESULTS,0.0,0.0,0.0,0.0,0.0,2012
455,2520.0,LA JUNTA JR/SR HIGH SCHOOL,5015.0,0.0,0.0,0.0,0.0,2012
456,2530.0,DISTRICT RESULTS,0.0,0.0,0.0,0.0,0.0,2012
457,2530.0,ROCKY FORD JUNIOR/SENIOR HIGH SCHOO,7442.0,0.0,0.0,0.0,0.0,2012
458,2535.0,DISTRICT RESULTS,0.0,,,,,2012
459,2535.0,MANZANOLA JUNIOR-SENIOR HIGH SCHOOL,5506.0,,,,,2012
460,2540.0,DISTRICT RESULTS,0.0,1.0,0.0,0.0,0.0,2012
461,2540.0,FOWLER HIGH SCHOOL,3134.0,1.0,0.0,0.0,0.0,2012
462,2560.0,CHERAW HIGH SCHOOL,1546.0,,,,,2012
463,2560.0,DISTRICT RESULTS,0.0,,,,,2012
464,2570.0,DISTRICT RESULTS,0.0,1.0,0.0,1.0,0.0,2012
465,2570.0,SWINK JUNIOR-SENIOR HIGH SCHOOL,8456.0,1.0,0.0,1.0,0.0,2012
466,2580.0,DISTRICT RESULTS,0.0,,,,,2012
467,2580.0,OURAY SENIOR HIGH SCHOOL,6600.0,,,,,2012
468,2590.0,DISTRICT RESULTS,0.0,1.0,1.0,1.0,0.0,2012
469,2590.0,RIDGWAY HIGH SCHOOL,7346.0,1.0,1.0,1.0,0.0,2012
470,2600.0,DISTRICT RESULTS,0.0,1.0,0.0,0.0,0.0,2012
471,2600.0,PLATTE CANYON HIGH SCHOOL,7046.0,1.0,0.0,0.0,0.0,2012
472,2610.0,DISTRICT RESULTS,0.0,1.0,0.0,1.0,0.0,2012
473,2610.0,SOUTH PARK HIGH SCHOOL,8118.0,1.0,0.0,1.0,0.0,2012
474,2620.0,DISTRICT RESULTS,0.0,0.0,0.0,0.0,0.0,2012
475,2620.0,HOLYOKE SENIOR HIGH SCHOOL,4080.0,0.0,0.0,0.0,0.0,2012
476,2630.0,DISTRICT RESULTS,0.0,0.0,0.0,0.0,0.0,2012
477,2630.0,HAXTUN HIGH SCHOOL,3850.0,0.0,0.0,0.0,0.0,2012
478,2640.0,ASPEN HIGH SCHOOL,432.0,1.0,1.0,1.0,0.0,2012
479,2640.0,DISTRICT RESULTS,0.0,1.0,1.0,1.0,0.0,2012
480,2650.0,DISTRICT RESULTS,0.0,0.0,0.0,0.0,0.0,2012
481,2650.0,GRANADA UNDIVIDED HIGH SCHOOL,3546.0,0.0,0.0,0.0,0.0,2012
482,2660.0,DISTRICT RESULTS,0.0,0.0,0.0,0.0,0.0,2012
483,2660.0,LAMAR HIGH SCHOOL,4960.0,0.0,0.0,0.0,0.0,2012
484,2670.0,DISTRICT RESULTS,0.0,1.0,0.0,0.0,0.0,2012
485,2670.0,HOLLY HIGH SCHOOL,4058.0,1.0,0.0,0.0,0.0,2012
486,2680.0,DISTRICT RESULTS,0.0,1.0,0.0,0.0,0.0,2012
487,2680.0,WILEY JUNIOR-SENIOR HIGH SCHOOL,9608.0,1.0,0.0,0.0,0.0,2012
488,2690.0,CENTENNIAL HIGH SCHOOL,1402.0,1.0,0.0,0.0,0.0,2012
489,2690.0,CENTRAL HIGH SCHOOL,1454.0,0.0,0.0,0.0,0.0,2012
490,2690.0,DISTRICT RESULTS,0.0,1.0,0.0,0.0,0.0,2012
491,2690.0,DOLORES HUERTA PREPARATORY HIGH SCHOOL,2217.0,0.0,0.0,0.0,0.0,2012
492,2690.0,EAST HIGH SCHOOL,2394.0,1.0,0.0,0.0,0.0,2012
493,2690.0,SOUTH HIGH SCHOOL,8082.0,1.0,0.0,0.0,0.0,2012
494,2700.0,70 ONLINE,5990.0,,,,,2012
495,2700.0,DISTRICT RESULTS,0.0,1.0,0.0,0.0,0.0,2012
496,2700.0,PUEBLO COUNTY HIGH SCHOOL,7208.0,1.0,0.0,0.0,0.0,2012
497,2700.0,PUEBLO WEST HIGH SCHOOL,7214.0,1.0,0.0,0.0,0.0,2012
498,2700.0,RYE HIGH SCHOOL,7534.0,1.0,0.0,0.0,0.0,2012
499,2700.0,SOUTHERN COLORADO EARLY COLLEGE,7879.0,1.0,0.0,0.0,0.0,2012
500,2710.0,DISTRICT RESULTS,0.0,1.0,0.0,0.0,0.0,2012
501,2710.0,MEEKER HIGH SCHOOL,5762.0,1.0,0.0,0.0,0.0,2012
502,2720.0,DISTRICT RESULTS,0.0,0.0,0.0,0.0,0.0,2012
503,2720.0,RANGELY JUNIOR/SENIOR HIGH SCHOOL,7276.0,0.0,0.0,0.0,0.0,2012
504,2730.0,DEL NORTE HIGH SCHOOL,2150.0,0.0,0.0,0.0,0.0,2012
505,2730.0,DISTRICT RESULTS,0.0,0.0,0.0,0.0,0.0,2012
506,2740.0,BYRON SYRING DELTA CENTER,6030.0,,,,,2012
507,2740.0,DISTRICT RESULTS,0.0,0.0,0.0,0.0,0.0,2012
508,2740.0,MONTE VISTA ON-LINE ACADEMY,6520.0,0.0,0.0,0.0,0.0,2012
509,2740.0,MONTE VISTA SENIOR HIGH SCHOOL,6046.0,0.0,0.0,0.0,0.0,2012
510,2750.0,DISTRICT RESULTS,0.0,0.0,0.0,0.0,0.0,2012
511,2750.0,SARGENT SENIOR HIGH SCHOOL,7664.0,0.0,0.0,0.0,0.0,2012
512,2760.0,DISTRICT RESULTS,0.0,0.0,0.0,0.0,0.0,2012
513,2760.0,HAYDEN HIGH SCHOOL,3862.0,0.0,0.0,0.0,0.0,2012
514,2770.0,DISTRICT RESULTS,0.0,1.0,0.0,1.0,0.0,2012
515,2770.0,STEAMBOAT SPRINGS HIGH SCHOOL,8212.0,1.0,0.0,1.0,0.0,2012
516,2770.0,YAMPA VALLEY SCHOOL,9757.0,,,,,2012
517,2780.0,DISTRICT RESULTS,0.0,1.0,1.0,1.0,0.0,2012
518,2780.0,SOROCO HIGH SCHOOL,8050.0,1.0,1.0,1.0,0.0,2012
519,2790.0,DISTRICT RESULTS,0.0,,,,,2012
520,2790.0,MOUNTAIN VALLEY SENIOR HIGH SCHOOL,6146.0,,,,,2012
521,2800.0,CRESTONE CHARTER SCHOOL,2018.0,,,,,2012
522,2800.0,DISTRICT RESULTS,0.0,0.0,0.0,0.0,0.0,2012
523,2800.0,MOFFAT SENIOR HIGH SCHOOL,5958.0,,,,,2012
524,2810.0,CENTER HIGH SCHOOL,1420.0,0.0,0.0,0.0,0.0,2012
525,2810.0,DISTRICT RESULTS,0.0,0.0,0.0,0.0,0.0,2012
526,2810.0,THE ACADEMIC RECOVERY CENTER OF SAN LUIS VALLEY,51.0,,,,,2012
527,2820.0,DISTRICT RESULTS,0.0,,,,,2012
528,2820.0,SILVERTON HIGH SCHOOL,7904.0,,,,,2012
529,2830.0,DISTRICT RESULTS,0.0,1.0,0.0,1.0,0.0,2012
530,2830.0,TELLURIDE HIGH SCHOOL,8794.0,1.0,0.0,1.0,0.0,2012
531,2840.0,DISTRICT RESULTS,0.0,1.0,0.0,0.0,0.0,2012
532,2840.0,NORWOOD HIGH SCHOOL,6422.0,1.0,0.0,0.0,0.0,2012
533,2862.0,DISTRICT RESULTS,0.0,0.0,0.0,0.0,0.0,2012
534,2862.0,INSIGHT SCHOOL OF COLORADO AT JULES,4369.0,0.0,0.0,0.0,0.0,2012
535,2862.0,JULESBURG HIGH SCHOOL,4492.0,0.0,0.0,0.0,0.0,2012
536,2865.0,DISTRICT RESULTS,0.0,,,,,2012
537,2865.0,REVERE JUNIOR-SENIOR HIGH SCHOOL,7322.0,,,,,2012
538,3000.0,DISTRICT RESULTS,0.0,1.0,0.0,0.0,0.0,2012
539,3000.0,SNOWY PEAKS HIGH SCHOOL,8375.0,0.0,0.0,0.0,0.0,2012
540,3000.0,SUMMIT HIGH SCHOOL,8378.0,1.0,0.0,0.0,0.0,2012
541,3010.0,CRIPPLE CREEK-VICTOR JUNIOR-SENIOR,2024.0,1.0,0.0,0.0,0.0,2012
542,3010.0,DISTRICT RESULTS,0.0,1.0,0.0,0.0,0.0,2012
543,3020.0,DISTRICT RESULTS,0.0,1.0,0.0,0.0,0.0,2012
544,3020.0,WOODLAND PARK HIGH SCHOOL,9696.0,1.0,0.0,0.0,0.0,2012
545,3030.0,AKRON HIGH SCHOOL,90.0,1.0,0.0,0.0,0.0,2012
546,3030.0,DISTRICT RESULTS,0.0,1.0,0.0,0.0,0.0,2012
547,3040.0,ARICKAREE UNDIVIDED HIGH SCHOOL,308.0,,,,,2012
548,3040.0,DISTRICT RESULTS,0.0,,,,,2012
549,3050.0,DISTRICT RESULTS,0.0,,,,,2012
550,3050.0,OTIS JUNIOR-SENIOR HIGH SCHOOL,6586.0,,,,,2012
551,3060.0,DISTRICT RESULTS,0.0,,,,,2012
552,3060.0,LONE STAR UNDIVIDED HIGH SCHOOL,5258.0,,,,,2012
553,3070.0,DISTRICT RESULTS,0.0,,,,,2012
554,3070.0,WOODLIN UNDIVIDED HIGH SCHOOL,9704.0,,,,,2012
555,3080.0,DISTRICT RESULTS,0.0,0.0,0.0,0.0,0.0,2012
556,3080.0,VALLEY HIGH SCHOOL,9032.0,0.0,0.0,0.0,0.0,2012
557,3085.0,DISTRICT RESULTS,0.0,1.0,0.0,0.0,0.0,2012
558,3085.0,EATON HIGH SCHOOL,2456.0,1.0,0.0,0.0,0.0,2012
559,3090.0,DISTRICT RESULTS,0.0,0.0,0.0,0.0,0.0,2012
560,3090.0,WELD CENTRAL SENIOR HIGH SCHOOL,1446.0,0.0,0.0,0.0,0.0,2012
561,3100.0,DISTRICT RESULTS,0.0,1.0,0.0,0.0,0.0,2012
562,3100.0,WINDSOR HIGH SCHOOL,9672.0,1.0,0.0,0.0,0.0,2012
563,3110.0,DISTRICT RESULTS,0.0,0.0,0.0,0.0,0.0,2012
564,3110.0,ROOSEVELT HIGH SCHOOL,7490.0,0.0,0.0,0.0,0.0,2012
565,3120.0,DISTRICT RESULTS,0.0,0.0,0.0,0.0,0.0,2012
566,3120.0,FRONTIER CHARTER ACADEMY,1875.0,1.0,0.0,0.0,0.0,2012
567,3120.0,GREELEY CENTRAL HIGH SCHOOL,3610.0,0.0,0.0,0.0,0.0,2012
568,3120.0,GREELEY WEST HIGH SCHOOL,3614.0,0.0,0.0,0.0,0.0,2012
569,3120.0,JEFFERSON HIGH SCHOOL,4425.0,0.0,0.0,0.0,0.0,2012
570,3120.0,NORTHRIDGE HIGH SCHOOL,6364.0,0.0,0.0,0.0,0.0,2012
571,3120.0,UNION COLONY PREPARATORY SCHOOL,8965.0,1.0,0.0,1.0,0.0,2012
572,3120.0,UNIVERSITY SCHOOLS,2850.0,1.0,0.0,0.0,0.0,2012
573,3130.0,DISTRICT RESULTS,0.0,0.0,0.0,0.0,0.0,2012
574,3130.0,PLATTE VALLEY HIGH SCHOOL,4670.0,0.0,0.0,0.0,0.0,2012
575,3140.0,DISTRICT RESULTS,0.0,0.0,0.0,0.0,0.0,2012
576,3140.0,FORT LUPTON HIGH SCHOOL,3070.0,0.0,0.0,0.0,0.0,2012
577,3145.0,DISTRICT RESULTS,0.0,0.0,0.0,0.0,0.0,2012
578,3145.0,HIGHLAND HIGH SCHOOL,3962.0,0.0,0.0,0.0,0.0,2012
579,3146.0,BRIGGSDALE UNDIVIDED HIGH SCHOOL,1012.0,,,,,2012
580,3146.0,DISTRICT RESULTS,0.0,,,,,2012
581,3147.0,DISTRICT RESULTS,0.0,,,,,2012
582,3147.0,PRAIRIE JUNIOR-SENIOR HIGH SCHOOL,7156.0,,,,,2012
583,3148.0,DISTRICT RESULTS,0.0,,,,,2012
584,3148.0,PAWNEE JUNIOR-SENIOR HIGH SCHOOL,6812.0,,,,,2012
585,3200.0,DISTRICT RESULTS,0.0,0.0,0.0,0.0,0.0,2012
586,3200.0,YUMA HIGH SCHOOL,9799.0,0.0,0.0,0.0,0.0,2012
587,3210.0,DISTRICT RESULTS,0.0,1.0,0.0,0.0,0.0,2012
588,3210.0,WRAY HIGH SCHOOL,9733.0,1.0,0.0,0.0,0.0,2012
589,3220.0,DISTRICT RESULTS,0.0,,,,,2012
590,3220.0,IDALIA JUNIOR-SENIOR HIGH SCHOOL,4231.0,,,,,2012
591,3230.0,DISTRICT RESULTS,0.0,,,,,2012
592,3230.0,LIBERTY JUNIOR-SENIOR HIGH SCHOOL,5123.0,,,,,2012
593,8001.0,ANIMAS HIGH SCHOOL,75.0,1.0,0.0,1.0,0.0,2012
594,8001.0,CAPROCK ACADEMY,1279.0,,,,,2012
595,8001.0,COLORADO PROVOST ACADEMY,1877.0,0.0,0.0,0.0,0.0,2012
596,8001.0,COLORADO SPRINGS EARLY COLLEGES,1795.0,1.0,0.0,0.0,0.0,2012
597,8001.0,DISTRICT RESULTS,0.0,1.0,0.0,0.0,0.0,2012
598,8001.0,EARLY COLLEGE OF ARVADA,2837.0,1.0,0.0,1.0,0.0,2012
599,8001.0,GOAL ACADEMY,3475.0,0.0,0.0,0.0,0.0,2012
600,8001.0,GOAL GED PREP,3387.0,,,,,2012
601,8001.0,PIKES PEAK PREP,8929.0,,,,,2012
602,8001.0,THE PINNACLE CHARTER SCHOOL HIGH,6914.0,1.0,0.0,0.0,0.0,2012
603,8001.0,THE VANGUARD SCHOOL (HIGH),9057.0,1.0,1.0,1.0,1.0,2012
604,8001.0,THOMAS MACLAREN STATE CHARTER SCHOOl,8825.0,,,,,2012
605,8001.0,YOUTH & FAMILY ACADEMY CHARTER,9785.0,0.0,0.0,0.0,0.0,2012
606,9000.0,COLORAD SCHOOL FOR DEAF AND BLIND,9999.0,0.0,0.0,0.0,0.0,2012
607,9000.0,DISTRICT RESULTS,0.0,0.0,0.0,0.0,0.0,2012
608,9030.0,DISTRICT RESULTS,0.0,0.0,0.0,0.0,0.0,2012
609,9030.0,YAMPAH MOUNTAIN SCHOOL,6134.0,0.0,0.0,0.0,0.0,2012
610,9030.0,YAMPAH TEEN PARENT PROGRAM,9797.0,,,,,2012
611,9050.0,DISTRICT RESULTS,0.0,,,,,2012
612,9050.0,SOUTHWEST COLORADO E-SCHOOL,8121.0,,,,,2012
613,9130.0,DISTRICT RESULTS,0.0,1.0,0.0,0.0,0.0,2012
614,9130.0,ROCKY MTN SCHOOL OF EXPEDITIONARY L,2840.0,1.0,0.0,0.0,0.0,2012
