,district_id,school,district_name,school_id,eng_yn,math_yn,read_yn,sci_yn
0,10,ACADEMY HIGH SCHOOL,MAPLETON 1,309,2.0,2.0,2.0,2.0
1,10,COLORADO CONNECTIONS ACADEMY,MAPLETON 1,1796,1.0,2.0,1.0,2.0
2,10,DISTRICT RESULTS,MAPLETON 1,0,2.0,2.0,2.0,2.0
3,10,GLOBAL LEADERSHIP ACADEMY,MAPLETON 1,263,2.0,2.0,2.0,2.0
4,10,MAPLETON EARLY COLLEGE HIGH SCHOOL,MAPLETON 1,212,1.0,2.0,2.0,2.0
5,10,MAPLETON EXPEDITIONARY SCHOOL OF THE ARTS,MAPLETON 1,187,2.0,2.0,2.0,2.0
6,10,THE NEW AMERICA SCHOOL,MAPLETON 1,4699,2.0,2.0,2.0,2.0
7,10,YORK INTERNATIONAL,MAPLETON 1,503,1.0,2.0,2.0,2.0
8,20,ACADEMY OF CHARTER SCHOOLS,ADAMS 12 FIVE STAR SCHOOLS,15,1.0,2.0,2.0,2.0
9,20,COLORADO VIRTUAL ACADEMY (COVA),ADAMS 12 FIVE STAR SCHOOLS,1752,1.0,2.0,2.0,2.0
10,20,DISTRICT RESULTS,ADAMS 12 FIVE STAR SCHOOLS,0,1.0,2.0,2.0,2.0
11,20,HORIZON HIGH SCHOOL,ADAMS 12 FIVE STAR SCHOOLS,4108,1.0,2.0,2.0,2.0
12,20,LEGACY HIGH SCHOOL,ADAMS 12 FIVE STAR SCHOOLS,5043,1.0,1.0,1.0,2.0
13,20,MOUNTAIN RANGE HIGH SCHOOL,ADAMS 12 FIVE STAR SCHOOLS,6060,1.0,2.0,2.0,2.0
14,20,NORTHGLENN HIGH SCHOOL,ADAMS 12 FIVE STAR SCHOOLS,6402,2.0,2.0,2.0,2.0
15,20,THORNTON HIGH SCHOOL,ADAMS 12 FIVE STAR SCHOOLS,5816,2.0,2.0,2.0,2.0
16,20,VANTAGE POINT,ADAMS 12 FIVE STAR SCHOOLS,210,2.0,2.0,2.0,2.0
17,30,ADAMS CITY HIGH SCHOOL,ADAMS COUNTY 14,24,2.0,2.0,2.0,2.0
18,30,DISTRICT RESULTS,ADAMS COUNTY 14,0,2.0,2.0,2.0,2.0
19,30,LESTER R ARNOLD HIGH SCHOOL,ADAMS COUNTY 14,22,2.0,2.0,2.0,2.0
20,40,ADAMS YOUTH SERVICE CENTER,BRIGHTON 27J,9801,,,,
21,40,BRIGHTON HERITAGE ACADEMY,BRIGHTON 27J,1021,2.0,2.0,2.0,2.0
22,40,BRIGHTON HIGH SCHOOL,BRIGHTON 27J,1022,2.0,2.0,2.0,2.0
23,40,DISTRICT RESULTS,BRIGHTON 27J,0,2.0,2.0,2.0,2.0
24,40,EAGLE RIDGE ACADEMY,BRIGHTON 27J,2399,1.0,2.0,1.0,2.0
25,40,PRAIRIE VIEW HIGH SCHOOL,BRIGHTON 27J,7129,2.0,2.0,2.0,2.0
26,50,BENNETT HIGH SCHOOL,BENNETT 29J,775,2.0,2.0,2.0,2.0
27,50,DISTRICT RESULTS,BENNETT 29J,0,2.0,2.0,2.0,2.0
28,60,DISTRICT RESULTS,STRASBURG 31-J,0,1.0,2.0,2.0,2.0
29,60,STRASBURG HIGH SCHOOL,STRASBURG 31-J,8334,1.0,2.0,2.0,2.0
30,70,DISTRICT RESULTS,WESTMINSTER 50,0,2.0,2.0,2.0,2.0
31,70,HIDDEN LAKE HIGH SCHOOL,WESTMINSTER 50,3931,2.0,2.0,2.0,2.0
32,70,WESTMINSTER HIGH SCHOOL,WESTMINSTER 50,9466,2.0,2.0,2.0,2.0
33,100,ALAMOSA HIGH SCHOOL,ALAMOSA RE- 11J,118,2.0,2.0,2.0,2.0
34,100,ALAMOSA OMBUDSMAN SCHOOL OF EXCELLE,ALAMOSA RE- 11J,368,,,,
35,100,DISTRICT RESULTS,ALAMOSA RE- 11J,0,2.0,2.0,2.0,2.0
36,110,DISTRICT RESULTS,SANGRE DECRISTO RE-22J,0,1.0,2.0,2.0,2.0
37,110,SANGRE DE CRISTO UNDIVIDED HIGH SCH,SANGRE DECRISTO RE-22J,7630,1.0,2.0,2.0,2.0
38,120,COLORADO'S FINEST ALTERNATIVE HIGH,ENGLEWOOD 1,206,2.0,2.0,2.0,2.0
39,120,DISTRICT RESULTS,ENGLEWOOD 1,0,2.0,2.0,2.0,2.0
40,120,ENGLEWOOD HIGH SCHOOL,ENGLEWOOD 1,2746,2.0,2.0,2.0,2.0
41,123,DISTRICT RESULTS,SHERIDAN 2,0,2.0,2.0,2.0,2.0
42,123,SHERIDAN HIGH SCHOOL,SHERIDAN 2,7842,2.0,2.0,2.0,2.0
43,130,CHEROKEE TRAIL HIGH SCHOOL,CHERRY CREEK 5,1551,1.0,2.0,2.0,2.0
44,130,CHERRY CREEK HIGH SCHOOL,CHERRY CREEK 5,1570,1.0,1.0,1.0,2.0
45,130,DISTRICT RESULTS,CHERRY CREEK 5,0,1.0,2.0,2.0,2.0
46,130,EAGLECREST HIGH SCHOOL,CHERRY CREEK 5,2357,1.0,2.0,2.0,2.0
47,130,GRANDVIEW HIGH SCHOOL,CHERRY CREEK 5,3589,1.0,1.0,1.0,2.0
48,130,OVERLAND HIGH SCHOOL,CHERRY CREEK 5,6625,2.0,2.0,2.0,2.0
49,130,SMOKY HILL HIGH SCHOOL,CHERRY CREEK 5,8020,1.0,2.0,2.0,2.0
50,140,ARAPAHOE HIGH SCHOOL,LITTLETON 6,298,1.0,1.0,1.0,2.0
51,140,DISTRICT RESULTS,LITTLETON 6,0,1.0,1.0,1.0,2.0
52,140,HERITAGE HIGH SCHOOL,LITTLETON 6,3930,1.0,1.0,1.0,2.0
53,140,LITTLETON HIGH SCHOOL,LITTLETON 6,5224,1.0,2.0,1.0,2.0
54,170,DEER TRAIL JUNIOR-SENIOR HIGH SCHOO,DEER TRAIL 26-J,2140,,,,
55,170,DISTRICT RESULTS,DEER TRAIL 26-J,0,,,,
56,180,APS ONLINE SCHOOL,ADAMS-ARAPAHOE 28J,219,2.0,2.0,2.0,2.0
57,180,AURORA CENTRAL HIGH SCHOOL,ADAMS-ARAPAHOE 28J,1458,2.0,2.0,2.0,2.0
58,180,DISTRICT RESULTS,ADAMS-ARAPAHOE 28J,0,2.0,2.0,2.0,2.0
59,180,GATEWAY HIGH SCHOOL,ADAMS-ARAPAHOE 28J,3354,2.0,2.0,2.0,2.0
60,180,HINKLEY HIGH SCHOOL,ADAMS-ARAPAHOE 28J,4024,2.0,2.0,2.0,2.0
61,180,LOTUS SCHOOL FOR EXCELLENCE,ADAMS-ARAPAHOE 28J,5298,2.0,2.0,2.0,2.0
62,180,NEW AMERICA SCHOOL,ADAMS-ARAPAHOE 28J,6219,2.0,2.0,2.0,2.0
63,180,RANGEVIEW HIGH SCHOOL,ADAMS-ARAPAHOE 28J,7250,1.0,2.0,2.0,2.0
64,180,WILLIAM SMITH HIGH SCHOOL,ADAMS-ARAPAHOE 28J,8356,1.0,2.0,2.0,2.0
65,190,BYERS JUNIOR-SENIOR HIGH SCHOOL,BYERS 32J,1176,1.0,2.0,2.0,2.0
66,190,DISTRICT RESULTS,BYERS 32J,0,1.0,2.0,2.0,2.0
67,220,DISTRICT RESULTS,ARCHULETA COUNTY 50JT,0,1.0,2.0,2.0,2.0
68,220,PAGOSA SPRINGS HIGH SCHOOL,ARCHULETA COUNTY 50JT,6658,1.0,2.0,2.0,2.0
69,230,DISTRICT RESULTS,WALSH RE-I,0,,,,
70,230,WALSH HIGH SCHOOL,WALSH RE-I,9226,,,,
71,240,DISTRICT RESULTS,PRITCHETT RE-3,0,,,,
72,240,PRITCHETT HIGH SCHOOL,PRITCHETT RE-3,7180,,,,
73,250,DISTRICT RESULTS,SPRINGFIELD RE-4,0,1.0,2.0,2.0,2.0
74,250,SPRINGFIELD HIGH SCHOOL,SPRINGFIELD RE-4,8168,1.0,2.0,2.0,2.0
75,260,DISTRICT RESULTS,VILAS RE-5,0,,,,
76,260,V.I.L.A.S. ONLINE SCHOOL,VILAS RE-5,9085,,,,
77,260,VILAS UNDIVIDED HIGH SCHOOL,VILAS RE-5,9100,,,,
78,270,CAMPO UNDIVIDED HIGH SCHOOL,CAMPO RE-6,1252,,,,
79,270,DISTRICT RESULTS,CAMPO RE-6,0,,,,
80,290,DISTRICT RESULTS,LAS ANIMAS RE-1,0,2.0,2.0,2.0,2.0
81,290,LAS ANIMAS HIGH SCHOOL,LAS ANIMAS RE-1,4990,2.0,2.0,2.0,2.0
82,310,DISTRICT RESULTS,MCCLAVE RE-2,0,2.0,2.0,2.0,2.0
83,310,MC CLAVE UNDIVIDED HIGH SCHOOL,MCCLAVE RE-2,5670,2.0,2.0,2.0,2.0
84,470,ADULT EDUCATION/LINCOLN CENTER,ST VRAIN VALLEY RE-1J,6499,,,,
85,470,DISTRICT RESULTS,ST VRAIN VALLEY RE-1J,0,1.0,2.0,2.0,2.0
86,470,ERIE HIGH SCHOOL,ST VRAIN VALLEY RE-1J,2761,1.0,2.0,2.0,2.0
87,470,FREDERICK SENIOR HIGH SCHOOL,ST VRAIN VALLEY RE-1J,3196,2.0,2.0,2.0,2.0
88,470,LONGMONT HIGH SCHOOL,ST VRAIN VALLEY RE-1J,5282,1.0,2.0,2.0,2.0
89,470,LYONS MIDDLE/SENIOR HIGH SCHOOL,ST VRAIN VALLEY RE-1J,5368,1.0,1.0,1.0,2.0
90,470,MEAD HIGH SCHOOL,ST VRAIN VALLEY RE-1J,5722,1.0,2.0,2.0,2.0
91,470,NIWOT HIGH SCHOOL,ST VRAIN VALLEY RE-1J,6276,1.0,1.0,1.0,2.0
92,470,OLDE COLUMBINE HIGH SCHOOL,ST VRAIN VALLEY RE-1J,6498,2.0,2.0,2.0,2.0
93,470,SILVER CREEK HIGH SCHOOL,ST VRAIN VALLEY RE-1J,7789,1.0,2.0,2.0,2.0
94,470,SKYLINE HIGH SCHOOL,ST VRAIN VALLEY RE-1J,7954,1.0,2.0,2.0,2.0
95,470,ST. VRAIN GLOBAL ONLINE ACADEMY,ST VRAIN VALLEY RE-1J,7839,2.0,2.0,2.0,2.0
96,480,ARAPAHOE RIDGE HIGH SCHOOL,BOULDER VALLEY RE-2,125,2.0,2.0,2.0,2.0
97,480,BOULDER HIGH SCHOOL,BOULDER VALLEY RE-2,924,1.0,1.0,1.0,2.0
98,480,BOULDER PREP CHARTER HIGH SCHOOL,BOULDER VALLEY RE-2,934,2.0,2.0,2.0,2.0
99,480,BOULDER UNIVERSAL,BOULDER VALLEY RE-2,930,,,,
100,480,BROOMFIELD HIGH SCHOOL,BOULDER VALLEY RE-2,1070,1.0,1.0,1.0,2.0
101,480,CENTAURUS HIGH SCHOOL,BOULDER VALLEY RE-2,1380,1.0,2.0,2.0,2.0
102,480,DISTRICT RESULTS,BOULDER VALLEY RE-2,0,1.0,1.0,1.0,2.0
103,480,FAIRVIEW HIGH SCHOOL,BOULDER VALLEY RE-2,2892,1.0,1.0,1.0,1.0
104,480,HALCYON SCHOOL (SPECIAL EDUCATION),BOULDER VALLEY RE-2,3499,,,,
105,480,JUSTICE HIGH CHARTER SCHOOL,BOULDER VALLEY RE-2,4496,,,,
106,480,MONARCH HIGH SCHOOL,BOULDER VALLEY RE-2,5999,1.0,1.0,1.0,2.0
107,480,NEDERLAND MIDDLE-SENIOR HIGH SCHOOL,BOULDER VALLEY RE-2,6212,1.0,2.0,2.0,2.0
108,480,NEW VISTA HIGH SCHOOL,BOULDER VALLEY RE-2,6195,1.0,2.0,1.0,2.0
109,480,PEAK TO PEAK CHARTER SCHOOL,BOULDER VALLEY RE-2,6816,1.0,1.0,1.0,1.0
110,490,BUENA VISTA HIGH SCHOOL,BUENA VISTA R-31,1130,1.0,2.0,1.0,2.0
111,490,BUENA VISTA ONLINE ACADEMY,BUENA VISTA R-31,1154,,,,
112,490,CHAFFEE COUNTY HIGH SCHOOL,BUENA VISTA R-31,1508,,,,
113,490,DISTRICT RESULTS,BUENA VISTA R-31,0,1.0,2.0,2.0,2.0
114,500,DISTRICT RESULTS,SALIDA R-32-J,0,1.0,2.0,2.0,2.0
115,500,HORIZONS EXPLORATORY ACADEMY,SALIDA R-32-J,4085,,,,
116,500,SALIDA HIGH SCHOOL,SALIDA R-32-J,7568,1.0,2.0,2.0,2.0
117,510,DISTRICT RESULTS,KIT CARSON RE-1,0,,,,
118,510,KIT CARSON JUNIOR-SENIOR HIGH SCHOO,KIT CARSON RE-1,4742,,,,
119,520,CHEYENNE WELLS HIGH SCHOOL,CHEYENNE COUNTY RE-5,1612,2.0,2.0,2.0,2.0
120,520,DISTRICT RESULTS,CHEYENNE COUNTY RE-5,0,2.0,2.0,2.0,2.0
121,540,CLEAR CREEK HIGH SCHOOL,CLEAR CREEK RE-1,4216,1.0,2.0,1.0,2.0
122,540,DISTRICT RESULTS,CLEAR CREEK RE-1,0,1.0,2.0,1.0,2.0
123,550,CENTAURI HIGH SCHOOL,NORTH CONEJOS,1378,1.0,2.0,2.0,2.0
124,550,DISTRICT RESULTS,NORTH CONEJOS,0,2.0,2.0,2.0,2.0
125,550,LA JARA SECOND CHANCE SCHOOL,NORTH CONEJOS,4837,,,,
126,560,DISTRICT RESULTS,SANFORD 6-J,0,,,,
127,560,SANFORD JUNIOR/SENIOR HIGH SCHOOL,SANFORD 6-J,7616,,,,
128,580,ANTONITO HIGH SCHOOL,SOUTH CONEJOS RE-10,252,,,,
129,580,DISTRICT RESULTS,SOUTH CONEJOS RE-10,0,,,,
130,640,CENTENNIAL HIGH SCHOOL,CENTENNIAL R-1,1398,2.0,2.0,2.0,2.0
131,640,DISTRICT RESULTS,CENTENNIAL R-1,0,2.0,2.0,2.0,2.0
132,740,DISTRICT RESULTS,SIERRA GRANDE R-30,0,2.0,2.0,2.0,2.0
133,740,SIERRA GRANDE SENIOR HIGH SCHOOL,SIERRA GRANDE R-30,7880,2.0,2.0,2.0,2.0
134,770,CROWLEY COUNTY HIGH SCHOOL,CROWLEY COUNTY RE-1J,2058,2.0,2.0,2.0,2.0
135,770,DISTRICT RESULTS,CROWLEY COUNTY RE-1J,0,2.0,2.0,2.0,2.0
136,860,CUSTER COUNTY HIGH SCHOOL,CUSTER COUNTY C-1,2092,2.0,2.0,2.0,2.0
137,860,DISTRICT RESULTS,CUSTER COUNTY C-1,0,2.0,2.0,2.0,2.0
138,870,CEDAREDGE HIGH SCHOOL,DELTA COUNTY 50J,1372,1.0,2.0,2.0,2.0
139,870,DELTA COUNTY OPPORTUNITY SCHOOL,DELTA COUNTY 50J,2155,2.0,2.0,2.0,2.0
140,870,DELTA COUNTY VIRTUAL ACADEMY,DELTA COUNTY 50J,2293,,,,
141,870,DELTA HIGH SCHOOL,DELTA COUNTY 50J,2164,2.0,2.0,2.0,2.0
142,870,DELTA VISION SCHOOL,DELTA COUNTY 50J,2166,2.0,2.0,2.0,2.0
143,870,DISTRICT RESULTS,DELTA COUNTY 50J,0,2.0,2.0,2.0,2.0
144,870,HOTCHKISS HIGH SCHOOL,DELTA COUNTY 50J,4128,1.0,2.0,2.0,2.0
145,870,NORTH FORK VISION SCHOOL,DELTA COUNTY 50J,9146,,,,
146,870,PAONIA HIGH SCHOOL,DELTA COUNTY 50J,6708,1.0,2.0,1.0,2.0
147,870,SURFACE CREEK VISION SCHOOL,DELTA COUNTY 50J,8419,2.0,2.0,2.0,2.0
148,880,ABRAHAM LINCOLN HIGH SCHOOL,DENVER COUNTY 1,10,2.0,2.0,2.0,2.0
149,880,ACADEMY OF URBAN LEARNING,DENVER COUNTY 1,67,2.0,2.0,2.0,2.0
150,880,BRUCE RANDOLPH SCHOOL,DENVER COUNTY 1,6350,2.0,2.0,2.0,2.0
151,880,COLORADO HIGH SCHOOL,DENVER COUNTY 1,1748,2.0,2.0,2.0,2.0
152,880,CONTEMPORARY LEARNING ACADEMY HIGH,DENVER COUNTY 1,5844,2.0,2.0,2.0,2.0
153,880,DENVER CENTER FOR 21ST LEARNING AT,DENVER COUNTY 1,2188,2.0,2.0,2.0,2.0
154,880,DENVER CENTER FOR INTERNATIONAL STU,DENVER COUNTY 1,2183,1.0,2.0,2.0,2.0
155,880,DENVER SCHOOL OF THE ARTS,DENVER COUNTY 1,2184,1.0,2.0,1.0,2.0
156,880,DISTRICT RESULTS,DENVER COUNTY 1,0,2.0,2.0,2.0,2.0
157,880,DSST: STAPLETON,DENVER COUNTY 1,2185,1.0,1.0,1.0,2.0
158,880,EAST HIGH SCHOOL,DENVER COUNTY 1,2398,1.0,2.0,1.0,2.0
159,880,EMILY GRIFFITH TECHNICAL COLLEGE,DENVER COUNTY 1,2726,2.0,2.0,2.0,2.0
160,880,ESCUELA TLATELOLCO SCHOOL,DENVER COUNTY 1,2789,2.0,2.0,2.0,2.0
161,880,FLORENCE CRITTENTON HIGH SCHOOL,DENVER COUNTY 1,3000,2.0,2.0,2.0,2.0
162,880,FRED N THOMAS CAREER EDUCATION CENT,DENVER COUNTY 1,1319,1.0,2.0,2.0,2.0
163,880,GEORGE WASHINGTON HIGH SCHOOL,DENVER COUNTY 1,3378,1.0,2.0,2.0,2.0
164,880,JOHN F KENNEDY HIGH SCHOOL,DENVER COUNTY 1,4444,1.0,2.0,2.0,2.0
165,880,JUSTICE HIGH SCHOOL DENVER,DENVER COUNTY 1,4494,2.0,2.0,2.0,2.0
166,880,KIPP DENVER COLLEGIATE HIGH SCHOOL,DENVER COUNTY 1,4730,1.0,2.0,2.0,2.0
167,880,LIFE SKILLS CENTER OF DENVER,DENVER COUNTY 1,5129,2.0,2.0,2.0,2.0
168,880,MANUAL HIGH SCHOOL,DENVER COUNTY 1,5448,2.0,2.0,2.0,2.0
169,880,MARTIN LUTHER KING JR. EARLY COLLEG,DENVER COUNTY 1,5605,2.0,2.0,2.0,2.0
170,880,MONTBELLO HIGH SCHOOL,DENVER COUNTY 1,5995,2.0,2.0,2.0,2.0
171,880,NORTH HIGH SCHOOL,DENVER COUNTY 1,6314,2.0,2.0,2.0,2.0
172,880,ONLINE HIGH SCHOOL,DENVER COUNTY 1,6509,1.0,2.0,1.0,2.0
173,880,PREP ASSESSMENT CENTER,DENVER COUNTY 1,7163,,,,
174,880,RIDGE VIEW ACADEMY CHARTER SCHOOL,DENVER COUNTY 1,40,2.0,2.0,2.0,2.0
175,880,SOUTH HIGH SCHOOL,DENVER COUNTY 1,8086,2.0,2.0,2.0,2.0
176,880,SOUTHWEST EARLY COLLEGE CHARTER SCH,DENVER COUNTY 1,8132,2.0,2.0,2.0,2.0
177,880,SUMMIT ACADEMY,DENVER COUNTY 1,8145,2.0,2.0,2.0,2.0
178,880,THOMAS JEFFERSON HIGH SCHOOL,DENVER COUNTY 1,8822,1.0,2.0,2.0,2.0
179,880,VENTURE PREP,DENVER COUNTY 1,2755,2.0,2.0,2.0,2.0
180,880,VISTA ACADEMY,DENVER COUNTY 1,8995,2.0,2.0,2.0,2.0
181,880,WEST HIGH SCHOOL,DENVER COUNTY 1,9408,2.0,2.0,2.0,2.0
182,890,DISTRICT RESULTS,DOLORES COUNTY RE-2J,0,,,,
183,890,DOVE CREEK HIGH SCHOOL,DOLORES COUNTY RE-2J,2216,,,,
184,900,CASTLE VIEW HIGH SCHOOL,DOUGLAS COUNTY RE-1,1367,1.0,2.0,2.0,2.0
185,900,CHAPARRAL HIGH SCHOOL,DOUGLAS COUNTY RE-1,1503,1.0,2.0,2.0,2.0
186,900,DANIEL C OAKES HIGH SCHOOLCASTLE ROCK,DOUGLAS COUNTY RE-1,201,2.0,2.0,2.0,2.0
187,900,DISTRICT RESULTS,DOUGLAS COUNTY RE-1,0,1.0,2.0,1.0,2.0
188,900,DOUGLAS COUNTY HIGH SCHOOL,DOUGLAS COUNTY RE-1,2230,1.0,2.0,1.0,2.0
189,900,EAGLE ACADEMY,DOUGLAS COUNTY RE-1,2338,2.0,2.0,2.0,2.0
190,900,EDCSD: COLORADO CYBER SCHOOL,DOUGLAS COUNTY RE-1,5405,,,,
191,900,HIGHLANDS RANCH HIGH SCHOOL,DOUGLAS COUNTY RE-1,3980,1.0,1.0,1.0,2.0
192,900,HOPE ON-LINE,DOUGLAS COUNTY RE-1,3995,2.0,2.0,2.0,2.0
193,900,LEGEND HIGH SCHOOL,DOUGLAS COUNTY RE-1,4271,1.0,2.0,1.0,2.0
194,900,MOUNTAIN VISTA HIGH SCHOOL,DOUGLAS COUNTY RE-1,6165,1.0,1.0,1.0,2.0
195,900,PONDEROSA HIGH SCHOOL,DOUGLAS COUNTY RE-1,7118,1.0,2.0,1.0,2.0
196,900,ROCK CANYON HIGH SCHOOL,DOUGLAS COUNTY RE-1,7435,1.0,1.0,1.0,2.0
197,900,THUNDERRIDGE HIGH SCHOOL,DOUGLAS COUNTY RE-1,8847,1.0,1.0,1.0,2.0
198,910,BATTLE MOUNTAIN HIGH SCHOOL,EAGLE COUNTY RE-50J,604,2.0,2.0,2.0,2.0
199,910,DISTRICT RESULTS,EAGLE COUNTY RE-50J,0,1.0,2.0,2.0,2.0
200,910,EAGLE VALLEY HIGH SCHOOL,EAGLE COUNTY RE-50J,2350,1.0,2.0,2.0,2.0
201,910,NEW AMERICA CHARTER SCHOOL,EAGLE COUNTY RE-50J,6238,,,,
202,910,RED CANYON HIGH SCHOOL,EAGLE COUNTY RE-50J,205,2.0,2.0,2.0,2.0
203,910,"VAIL SKI AND SNOWBOARD ACADEMY (USSA),",EAGLE COUNTY RE-50J,9061,,,,
204,910,WORLD ACADEMY,EAGLE COUNTY RE-50J,9701,,,,
205,920,DISTRICT RESULTS,ELIZABETH C1,0,1.0,2.0,1.0,2.0
206,920,ELIZABETH HIGH SCHOOL,ELIZABETH C1,2608,1.0,2.0,1.0,2.0
207,920,FRONTIER HIGH SCHOOL,ELIZABETH C1,3236,2.0,2.0,2.0,2.0
208,930,DISTRICT RESULTS,KIOWA C-2,0,1.0,2.0,2.0,2.0
209,930,KIOWA HIGH SCHOOL,KIOWA C-2,4728,1.0,2.0,2.0,2.0
210,940,DISTRICT RESULTS,BIG SANDY 100J,0,1.0,2.0,2.0,2.0
211,940,SIMLA HIGH SCHOOL,BIG SANDY 100J,7922,1.0,2.0,2.0,2.0
212,950,DISTRICT RESULTS,ELBERT 200,0,1.0,2.0,2.0,2.0
213,950,ELBERT JUNIOR-SENIOR HIGH SCHOOL,ELBERT 200,2574,1.0,2.0,2.0,2.0
214,970,CALHAN HIGH SCHOOL,CALHAN RJ-1,1218,2.0,2.0,2.0,2.0
215,970,DISTRICT RESULTS,CALHAN RJ-1,0,2.0,2.0,2.0,2.0
216,980,DISTRICT RESULTS,HARRISON 2,0,1.0,2.0,2.0,2.0
217,980,HARRISON HIGH SCHOOL,HARRISON 2,3806,1.0,2.0,2.0,2.0
218,980,JAMES IRWIN CHARTER HIGH SCHOOL,HARRISON 2,4378,1.0,1.0,1.0,2.0
219,980,NEW HORIZONS DAY SCHOOL,HARRISON 2,6244,2.0,2.0,2.0,2.0
220,980,SIERRA HIGH SCHOOL,HARRISON 2,7882,2.0,2.0,2.0,2.0
221,990,DISCOVERY HIGH SCHOOL,WIDEFIELD 3,9560,2.0,2.0,2.0,2.0
222,990,DISTRICT RESULTS,WIDEFIELD 3,0,2.0,2.0,2.0,2.0
223,990,MESA RIDGE HIGH SCHOOL,WIDEFIELD 3,5841,2.0,2.0,2.0,2.0
224,990,WIDEFIELD HIGH SCHOOL,WIDEFIELD 3,9566,2.0,2.0,2.0,2.0
225,1000,DISTRICT RESULTS,FOUNTAIN 8,0,1.0,2.0,2.0,2.0
226,1000,FOUNTAIN-FORT CARSON HIGH SCHOOL,FOUNTAIN 8,3110,1.0,2.0,2.0,2.0
227,1000,LORRAINE SECONDARY SCHOOL,FOUNTAIN 8,203,2.0,2.0,2.0,2.0
228,1010,ACHIEVEK12,COLORADO SPRINGS 11,269,,,,
229,1010,CIVA CHARTER ACADEMY,COLORADO SPRINGS 11,1616,2.0,2.0,2.0,2.0
230,1010,COMMUNITY PREP CHARTER SCHOOL,COLORADO SPRINGS 11,1885,2.0,2.0,2.0,2.0
231,1010,CORONADO HIGH SCHOOL,COLORADO SPRINGS 11,1870,1.0,2.0,2.0,2.0
232,1010,DISTRICT RESULTS,COLORADO SPRINGS 11,0,1.0,2.0,2.0,2.0
233,1010,DOHERTY HIGH SCHOOL,COLORADO SPRINGS 11,2202,1.0,2.0,2.0,2.0
234,1010,LIFE SKILLS CENTER OF COLORADO SPRI,COLORADO SPRINGS 11,5146,2.0,2.0,2.0,2.0
235,1010,MITCHELL HIGH SCHOOL,COLORADO SPRINGS 11,5948,2.0,2.0,2.0,2.0
236,1010,NIKOLA TESLA EDUCATION OPPORTUNITY,COLORADO SPRINGS 11,2528,2.0,2.0,2.0,2.0
237,1010,PALMER HIGH SCHOOL,COLORADO SPRINGS 11,6680,1.0,2.0,2.0,2.0
238,1010,THE BIJOU SCHOOL,COLORADO SPRINGS 11,871,2.0,2.0,2.0,2.0
239,1010,WASSON HIGH SCHOOL,COLORADO SPRINGS 11,9298,2.0,2.0,2.0,2.0
240,1020,CHEYENNE MOUNTAIN HIGH SCHOOL,CHEYENNE MOUNTAIN 12,1590,1.0,1.0,1.0,2.0
241,1020,DISTRICT RESULTS,CHEYENNE MOUNTAIN 12,0,1.0,1.0,1.0,2.0
242,1030,DISTRICT RESULTS,MANITOU SPRINGS 14,0,1.0,2.0,1.0,2.0
243,1030,MANITOU SPRINGS HIGH SCHOOL,MANITOU SPRINGS 14,5468,1.0,2.0,1.0,2.0
244,1040,ACADEMY ONLINE HIGH SCHOOL,ACADEMY 20,110,,,,
245,1040,AIR ACADEMY HIGH SCHOOL,ACADEMY 20,76,1.0,2.0,1.0,2.0
246,1040,ASPEN VALLEY HIGH SCHOOL,ACADEMY 20,209,1.0,2.0,2.0,2.0
247,1040,DISCOVERY CANYON CAMPUS SCHOOL,ACADEMY 20,2195,1.0,2.0,1.0,2.0
248,1040,DISTRICT RESULTS,ACADEMY 20,0,1.0,2.0,1.0,2.0
249,1040,LIBERTY HIGH SCHOOL,ACADEMY 20,5126,1.0,2.0,1.0,2.0
250,1040,PINE CREEK HIGH SCHOOL,ACADEMY 20,6937,1.0,2.0,1.0,2.0
251,1040,RAMPART HIGH SCHOOL,ACADEMY 20,7240,1.0,2.0,1.0,2.0
252,1040,TCA COLLEGE PATHWAYS,ACADEMY 20,8779,1.0,1.0,1.0,2.0
253,1040,THE CLASSICAL ACADEMY HIGH SCHOOL,ACADEMY 20,1630,1.0,1.0,1.0,2.0
254,1050,DISTRICT RESULTS,ELLICOTT 22,0,1.0,2.0,2.0,2.0
255,1050,ELLICOTT SENIOR HIGH SCHOOL,ELLICOTT 22,2642,1.0,2.0,2.0,2.0
256,1060,DISTRICT RESULTS,PEYTON 23-JT,0,1.0,2.0,2.0,2.0
257,1060,PEYTON JUNIOR/SENIOR HIGH SCHOOL,PEYTON 23-JT,6902,1.0,2.0,2.0,2.0
258,1070,DISTRICT RESULTS,HANOVER 28,0,,,,
259,1070,HANOVER JUNIOR-SENIOR HIGH SCHOOL,HANOVER 28,3758,,,,
260,1080,DISTRICT RESULTS,LEWIS-PALMER 38,0,1.0,1.0,1.0,2.0
261,1080,LEWIS-PALMER HIGH SCHOOL,LEWIS-PALMER 38,5100,1.0,1.0,1.0,2.0
262,1080,PALMER RIDGE HIGH SCHOOL,LEWIS-PALMER 38,6678,1.0,1.0,1.0,2.0
263,1110,DISTRICT RESULTS,FALCON 49,0,1.0,2.0,2.0,2.0
264,1110,FALCON HIGH SCHOOL,FALCON 49,2908,1.0,2.0,2.0,2.0
265,1110,FALCON VIRTUAL ACADEMY,FALCON 49,2877,,,,
266,1110,PATRIOT LEARNING CENTER,FALCON 49,6810,2.0,2.0,2.0,2.0
267,1110,SAND CREEK HIGH SCHOOL,FALCON 49,7613,1.0,2.0,2.0,2.0
268,1110,VISTA RIDGE HIGH SCHOOL,FALCON 49,8791,1.0,2.0,2.0,2.0
269,1120,DISTRICT RESULTS,EDISON 54-JT,0,1.0,1.0,1.0,2.0
270,1120,EDISON ACADEMY,EDISON 54-JT,2504,,,,
271,1120,EDISON JUNIOR-SENIOR HIGH SCHOOL,EDISON 54-JT,2526,,,,
272,1130,DISTRICT RESULTS,MIAMI-YODER 60JT,0,2.0,2.0,2.0,2.0
273,1130,MIAMI-YODER SENIOR HIGH SCHOOL,MIAMI-YODER 60JT,5854,2.0,2.0,2.0,2.0
274,1140,CANON CITY HIGH SCHOOL,CA„ON CITY RE-1,1266,1.0,2.0,2.0,2.0
275,1140,DISTRICT RESULTS,CA„ON CITY RE-1,0,1.0,2.0,2.0,2.0
276,1140,GARDEN PARK HIGH SCHOOL,CA„ON CITY RE-1,3211,2.0,2.0,2.0,2.0
277,1150,DISTRICT RESULTS,FREMONT RE-2,0,1.0,2.0,2.0,2.0
278,1150,FLORENCE HIGH SCHOOL,FREMONT RE-2,3002,1.0,2.0,2.0,2.0
279,1150,FOCUS ACADEMY,FREMONT RE-2,2961,,,,
280,1160,COTOPAXI JUNIOR-SENIOR HIGH SCHOOL,COTOPAXI RE-3,3228,2.0,2.0,2.0,2.0
281,1160,DISTRICT RESULTS,COTOPAXI RE-3,0,2.0,2.0,2.0,2.0
282,1180,BASALT HIGH SCHOOL,ROARING FORK RE-1,570,2.0,2.0,2.0,2.0
283,1180,BRIDGES,ROARING FORK RE-1,1006,2.0,2.0,2.0,2.0
284,1180,DISTRICT RESULTS,ROARING FORK RE-1,0,1.0,2.0,2.0,2.0
285,1180,GLENWOOD SPRINGS HIGH SCHOOL,ROARING FORK RE-1,3468,1.0,2.0,2.0,2.0
286,1180,ROARING FORK HIGH SCHOOL,ROARING FORK RE-1,7422,2.0,2.0,2.0,2.0
287,1195,COAL RIDGE HIGH SCHOOL,GARFIELD RE-2,65,1.0,2.0,2.0,2.0
288,1195,DISTRICT RESULTS,GARFIELD RE-2,0,2.0,2.0,2.0,2.0
289,1195,RIFLE HIGH SCHOOL,GARFIELD RE-2,7360,2.0,2.0,2.0,2.0
290,1220,DISTRICT RESULTS,GARFIELD 16,0,2.0,2.0,2.0,2.0
291,1220,GRAND VALLEY HIGH SCHOOL,GARFIELD 16,3586,2.0,2.0,2.0,2.0
292,1330,DISTRICT RESULTS,GILPIN COUNTY RE-1,0,1.0,2.0,2.0,2.0
293,1330,GILPIN COUNTY UNDIVIDED HIGH SCHOOL,GILPIN COUNTY RE-1,1634,1.0,2.0,2.0,2.0
294,1340,DISTRICT RESULTS,WEST GRAND 1-JT,0,1.0,2.0,1.0,2.0
295,1340,WEST GRAND HIGH SCHOOL,WEST GRAND 1-JT,9420,1.0,2.0,1.0,2.0
296,1350,DISTRICT RESULTS,EAST GRAND 2,0,1.0,2.0,2.0,2.0
297,1350,MIDDLE PARK HIGH SCHOOL,EAST GRAND 2,5864,1.0,2.0,2.0,2.0
298,1360,CRESTED BUTTE COMMUNITY SCHOOL,GUNNISON WATERSHED RE-1J,2006,1.0,2.0,1.0,2.0
299,1360,DISTRICT RESULTS,GUNNISON WATERSHED RE-1J,0,1.0,2.0,2.0,2.0
300,1360,GUNNISON HIGH SCHOOL,GUNNISON WATERSHED RE-1J,3694,1.0,2.0,2.0,2.0
301,1380,DISTRICT RESULTS,HINSDALE COUNTY RE-1,0,,,,
302,1380,LAKE CITY COMMUNITY SCHOOL,HINSDALE COUNTY RE-1,4899,,,,
303,1390,DISTRICT RESULTS,HUERFANO RE-1,0,2.0,2.0,2.0,2.0
304,1390,JOHN MALL HIGH SCHOOL,HUERFANO RE-1,9212,2.0,2.0,2.0,2.0
305,1400,DISTRICT RESULTS,LA VETA RE-2,0,1.0,2.0,2.0,2.0
306,1400,LA VETA JUNIOR-SENIOR HIGH SCHOOL,LA VETA RE-2,4864,1.0,2.0,2.0,2.0
307,1410,DISTRICT RESULTS,NORTH PARK R-1,0,,,,
308,1410,NORTH PARK JUNIOR-SENIOR HIGH SCHOO,NORTH PARK R-1,6358,,,,
309,1420,ALAMEDA INTERNATIONAL HIGH SCHOOL,JEFFERSON COUNTY R-1,108,2.0,2.0,2.0,2.0
310,1420,ARVADA HIGH SCHOOL,JEFFERSON COUNTY R-1,370,2.0,2.0,2.0,2.0
311,1420,ARVADA WEST HIGH SCHOOL,JEFFERSON COUNTY R-1,378,1.0,2.0,1.0,2.0
312,1420,BEAR CREEK HIGH SCHOOL,JEFFERSON COUNTY R-1,664,1.0,2.0,2.0,2.0
313,1420,BRADY EXPLORATION SCHOOL,JEFFERSON COUNTY R-1,965,2.0,2.0,2.0,2.0
314,1420,CHATFIELD HIGH SCHOOL,JEFFERSON COUNTY R-1,1522,1.0,1.0,1.0,2.0
315,1420,COLLEGIATE ACADEMY OF COLORADO,JEFFERSON COUNTY R-1,7701,1.0,2.0,2.0,2.0
316,1420,COLUMBINE HIGH SCHOOL,JEFFERSON COUNTY R-1,1864,1.0,2.0,1.0,2.0
317,1420,COMPASS MONTESSORI - GOLDEN CHARTER,JEFFERSON COUNTY R-1,1880,1.0,1.0,1.0,2.0
318,1420,CONIFER SENIOR HIGH SCHOOL,JEFFERSON COUNTY R-1,1886,1.0,2.0,1.0,2.0
319,1420,DAKOTA RIDGE SENIOR HIGH SCHOOL,JEFFERSON COUNTY R-1,2093,1.0,2.0,1.0,2.0
320,1420,D'EVELYN JUNIOR/SENIOR HIGH SCHOOL,JEFFERSON COUNTY R-1,2120,1.0,1.0,1.0,1.0
321,1420,DISTRICT RESULTS,JEFFERSON COUNTY R-1,0,1.0,2.0,2.0,2.0
322,1420,EVERGREEN HIGH SCHOOL,JEFFERSON COUNTY R-1,2836,1.0,1.0,1.0,1.0
323,1420,GOLDEN HIGH SCHOOL,JEFFERSON COUNTY R-1,3502,1.0,2.0,1.0,2.0
324,1420,GREEN MOUNTAIN HIGH SCHOOL,JEFFERSON COUNTY R-1,3628,1.0,2.0,2.0,2.0
325,1420,JEFFCO'S 21ST CENTURY VIRTUAL ACADE,JEFFERSON COUNTY R-1,4408,1.0,2.0,2.0,2.0
326,1420,JEFFERSON CHARTER ACADEMY SENIOR HI,JEFFERSON COUNTY R-1,4410,1.0,1.0,1.0,2.0
327,1420,JEFFERSON COUNTY OPEN SECONDARY,JEFFERSON COUNTY R-1,6541,1.0,2.0,2.0,2.0
328,1420,JEFFERSON HIGH SCHOOL,JEFFERSON COUNTY R-1,4422,2.0,2.0,2.0,2.0
329,1420,LAKEWOOD HIGH SCHOOL,JEFFERSON COUNTY R-1,4942,1.0,1.0,1.0,2.0
330,1420,LONGVIEW HIGH SCHOOL,JEFFERSON COUNTY R-1,5623,2.0,2.0,2.0,2.0
331,1420,MC LAIN HIGH SCHOOL,JEFFERSON COUNTY R-1,33,2.0,2.0,2.0,2.0
332,1420,NEW AMERICA SCHOOL,JEFFERSON COUNTY R-1,6237,2.0,2.0,2.0,2.0
333,1420,POMONA HIGH SCHOOL,JEFFERSON COUNTY R-1,7114,1.0,2.0,2.0,2.0
334,1420,RALSTON VALLEY SENIOR HIGH SCHOOL,JEFFERSON COUNTY R-1,7239,1.0,1.0,1.0,2.0
335,1420,SOBESKY ACADEMY,JEFFERSON COUNTY R-1,8036,,,,
336,1420,STANDLEY LAKE HIGH SCHOOL,JEFFERSON COUNTY R-1,8209,1.0,2.0,2.0,2.0
337,1420,TWO ROADS CHARTER SCHOOL,JEFFERSON COUNTY R-1,8793,1.0,2.0,1.0,2.0
338,1420,WHEAT RIDGE HIGH SCHOOL,JEFFERSON COUNTY R-1,9510,1.0,2.0,2.0,2.0
339,1430,DISTRICT RESULTS,EADS RE-1,0,2.0,2.0,2.0,2.0
340,1430,EADS HIGH SCHOOL,EADS RE-1,2336,2.0,2.0,2.0,2.0
341,1440,DISTRICT RESULTS,PLAINVIEW RE-2,0,,,,
342,1440,PLAINVIEW JUNIOR-SENIOR HIGH SCHOOL,PLAINVIEW RE-2,7009,,,,
343,1450,DISTRICT RESULTS,ARRIBA-FLAGLER C-20,0,,,,
344,1450,FLAGLER SENIOR HIGH SCHOOL,ARRIBA-FLAGLER C-20,2960,,,,
345,1460,DISTRICT RESULTS,HI-PLAINS R-23,0,,,,
346,1460,HI PLAINS UNDIVIDED HIGH SCHOOL,HI-PLAINS R-23,7746,,,,
347,1480,DISTRICT RESULTS,STRATTON R-4,0,,,,
348,1480,STRATTON SENIOR HIGH SCHOOL,STRATTON R-4,8354,,,,
349,1490,BETHUNE JUNIOR-SENIOR HIGH SCHOOL,BETHUNE R-5,842,,,,
350,1490,DISTRICT RESULTS,BETHUNE R-5,0,,,,
351,1500,BURLINGTON HIGH SCHOOL,BURLINGTON RE-6J,1152,2.0,2.0,2.0,2.0
352,1500,DISTRICT RESULTS,BURLINGTON RE-6J,0,2.0,2.0,2.0,2.0
353,1510,DISTRICT RESULTS,LAKE COUNTY R-1,0,2.0,2.0,2.0,2.0
354,1510,LAKE COUNTY HIGH SCHOOL,LAKE COUNTY R-1,4904,2.0,2.0,2.0,2.0
355,1520,DISTRICT RESULTS,DURANGO 9-R,0,1.0,2.0,2.0,2.0
356,1520,DURANGO HIGH SCHOOL,DURANGO 9-R,2318,1.0,2.0,1.0,2.0
357,1520,ROBERT DENIER YOUTH SERVICES CENTER,DURANGO 9-R,9806,,,,
358,1530,BAYFIELD HIGH SCHOOL,BAYFIELD 10JT-R,640,1.0,2.0,2.0,2.0
359,1530,DISTRICT RESULTS,BAYFIELD 10JT-R,0,1.0,2.0,2.0,2.0
360,1540,DISTRICT RESULTS,IGNACIO 11-JT,0,2.0,2.0,2.0,2.0
361,1540,IGNACIO HIGH SCHOOL,IGNACIO 11-JT,4258,2.0,2.0,2.0,2.0
362,1550,CENTENNIAL HIGH SCHOOL,POUDRE R-1,3760,2.0,2.0,2.0,2.0
363,1550,DISTRICT RESULTS,POUDRE R-1,0,1.0,2.0,1.0,2.0
364,1550,FORT COLLINS HIGH SCHOOL,POUDRE R-1,3046,1.0,2.0,1.0,2.0
365,1550,FOSSIL RIDGE HIGH SCHOOL,POUDRE R-1,3105,1.0,1.0,1.0,2.0
366,1550,LIBERTY COMMON CHARTER SCHOOL,POUDRE R-1,5120,1.0,1.0,1.0,1.0
367,1550,POLARIS EXPEDITIONARY LEARNING SCHO,POUDRE R-1,7104,1.0,2.0,1.0,2.0
368,1550,POUDRE COMMUNITY ACADEMY,POUDRE R-1,7127,2.0,2.0,2.0,2.0
369,1550,POUDRE HIGH SCHOOL,POUDRE R-1,7124,1.0,1.0,1.0,2.0
370,1550,PSD GLOBAL ACADEMY,POUDRE R-1,7198,,,,
371,1550,RIDGEVIEW CLASSICAL CHARTER SCHOOLS,POUDRE R-1,146,1.0,1.0,1.0,1.0
372,1550,ROCKY MOUNTAIN HIGH SCHOOL,POUDRE R-1,7470,1.0,2.0,1.0,2.0
373,1560,BERTHOUD HIGH SCHOOL,THOMPSON R2-J,812,1.0,2.0,2.0,2.0
374,1560,DISTRICT RESULTS,THOMPSON R2-J,0,1.0,2.0,2.0,2.0
375,1560,HAROLD FERGUSON HIGH SCHOOL,THOMPSON R2-J,9260,2.0,2.0,2.0,2.0
376,1560,LOVELAND HIGH SCHOOL,THOMPSON R2-J,5316,1.0,2.0,1.0,2.0
377,1560,MOUNTAIN VIEW HIGH SCHOOL,THOMPSON R2-J,6163,1.0,2.0,2.0,2.0
378,1560,THOMPSON ONLINE,THOMPSON R2-J,8855,,,,
379,1560,THOMPSON VALLEY HIGH SCHOOL,THOMPSON R2-J,8824,1.0,2.0,1.0,2.0
380,1570,DISTRICT RESULTS,PARK R-3,0,1.0,2.0,2.0,2.0
381,1570,ESTES PARK HIGH SCHOOL,PARK R-3,2794,1.0,2.0,2.0,2.0
382,1580,DISTRICT RESULTS,TRINIDAD 1,0,1.0,2.0,2.0,2.0
383,1580,TRINIDAD HIGH SCHOOL,TRINIDAD 1,8906,1.0,2.0,2.0,2.0
384,1590,DISTRICT RESULTS,PRIMERO RE-2,0,1.0,2.0,2.0,2.0
385,1590,PRIMERO JUNIOR-SENIOR HIGH SCHOOL,PRIMERO RE-2,7164,1.0,2.0,2.0,2.0
386,1600,DISTRICT RESULTS,HOEHNE RE-3,0,1.0,2.0,2.0,2.0
387,1600,HOEHNE HIGH SCHOOL,HOEHNE RE-3,4048,1.0,2.0,2.0,2.0
388,1620,AGUILAR JUNIOR-SENIOR HIGH SCHOOL,AGUILAR RE-6,66,,,,
389,1620,DISTRICT RESULTS,AGUILAR RE-6,0,,,,
390,1750,BRANSON SCHOOL ONLINE,BRANSON RE-82,948,1.0,2.0,2.0,2.0
391,1750,BRANSON UNDIVIDED HIGH SCHOOL,BRANSON RE-82,978,,,,
392,1750,DISTRICT RESULTS,BRANSON RE-82,0,1.0,2.0,2.0,2.0
393,1760,DISTRICT RESULTS,KIM REOGRANIZED 88,0,,,,
394,1760,KIM UNDIVIDED HIGH SCHOOL,KIM REOGRANIZED 88,4694,,,,
395,1780,DISTRICT RESULTS,GENOA HUGO C113,0,,,,
396,1780,GENOA-HUGO SENIOR HIGH SCHOOL,GENOA HUGO C113,4162,,,,
397,1790,DISTRICT RESULTS,LIMON RE-4J,0,1.0,2.0,2.0,2.0
398,1790,LIMON JUNIOR-SENIOR HIGH SCHOOL,LIMON RE-4J,5136,1.0,2.0,2.0,2.0
399,1810,DISTRICT RESULTS,KARVAL RE-23,0,2.0,2.0,2.0,2.0
400,1810,KARVAL JUNIOR-SENIOR HIGH SCHOOL,KARVAL RE-23,4506,,,,
401,1810,KARVAL ONLINE EDUCATION,KARVAL RE-23,4504,,,,
402,1828,CALICHE JUNIOR-SENIOR HIGH SCHOOL,VALLEY RE-1,1224,2.0,2.0,2.0,2.0
403,1828,DISTRICT RESULTS,VALLEY RE-1,0,2.0,2.0,2.0,2.0
404,1828,SMITH HIGH SCHOOL,VALLEY RE-1,202,,,,
405,1828,STERLING HIGH SCHOOL,VALLEY RE-1,8260,1.0,2.0,2.0,2.0
406,1850,DISTRICT RESULTS,FRENCHMAN RE-3,0,2.0,2.0,2.0,2.0
407,1850,FLEMING HIGH SCHOOL,FRENCHMAN RE-3,2988,2.0,2.0,2.0,2.0
408,1860,DISTRICT RESULTS,BUFFALO RE-4,0,1.0,1.0,1.0,2.0
409,1860,MERINO JUNIOR SENIOR HIGH SCHOOL,BUFFALO RE-4,5806,1.0,1.0,1.0,2.0
410,1870,DISTRICT RESULTS,PLATEAU RE-5,0,,,,
411,1870,PEETZ JUNIOR-SENIOR HIGH SCHOOL,PLATEAU RE-5,6838,,,,
412,1980,DE BEQUE UNDIVIDED HIGH SCHOOL,DEBEQUE 49 JT,2126,,,,
413,1980,DISTRICT RESULTS,DEBEQUE 49 JT,0,,,,
414,1990,DISTRICT RESULTS,PLATEAU VALLEY 50,0,2.0,2.0,2.0,2.0
415,1990,GRAND MESA HIGH SCHOOL,PLATEAU VALLEY 50,3582,2.0,2.0,2.0,2.0
416,1990,PLATEAU VALLEY HIGH SCHOOL,PLATEAU VALLEY 50,7032,1.0,2.0,2.0,2.0
417,2000,CENTRAL HIGH SCHOOL,MESA COUNTY VALLEY 51,1450,2.0,2.0,2.0,2.0
418,2000,DISTRICT RESULTS,MESA COUNTY VALLEY 51,0,1.0,2.0,2.0,2.0
419,2000,FRUITA MONUMENT HIGH SCHOOL,MESA COUNTY VALLEY 51,6070,1.0,2.0,2.0,2.0
420,2000,GATEWAY SCHOOL,MESA COUNTY VALLEY 51,3350,,,,
421,2000,GRAND JUNCTION HIGH SCHOOL,MESA COUNTY VALLEY 51,3570,1.0,2.0,2.0,2.0
422,2000,GRAND MESA YOUTH SERVICE CENTER,MESA COUNTY VALLEY 51,9807,,,,
423,2000,GRANDE RIVER VIRTUAL ACADEMY,MESA COUNTY VALLEY 51,3604,,,,
424,2000,MESA VALLEY VISION HOME AND COMMUNITY PROGRAM,MESA COUNTY VALLEY 51,5828,1.0,2.0,1.0,2.0
425,2000,PALISADE HIGH SCHOOL,MESA COUNTY VALLEY 51,6666,1.0,2.0,2.0,2.0
426,2000,R-5 HIGH SCHOOL,MESA COUNTY VALLEY 51,7236,2.0,2.0,2.0,2.0
427,2010,CREEDE MIDDLE/HIGH SCHOOL,CREEDE CONSOLIDATED SCHOOL,1966,,,,
428,2010,DISTRICT RESULTS,CREEDE CONSOLIDATED SCHOOL,0,,,,
429,2020,DISTRICT RESULTS,MOFFAT COUNTY RE-1,0,2.0,2.0,2.0,2.0
430,2020,MOFFAT COUNTY HIGH SCHOOL,MOFFAT COUNTY RE-1,5962,2.0,2.0,2.0,2.0
431,2035,DISTRICT RESULTS,MONTEZUMA-CORTEZ RE-1,0,2.0,2.0,2.0,2.0
432,2035,MONTEZUMA-CORTEZ HIGH SCHOOL,MONTEZUMA-CORTEZ RE-1,6026,2.0,2.0,2.0,2.0
433,2035,SOUTHWEST OPEN CHARTER SCHOOL,MONTEZUMA-CORTEZ RE-1,8133,2.0,2.0,2.0,2.0
434,2055,DISTRICT RESULTS,DOLORES RE-4A,0,1.0,2.0,2.0,2.0
435,2055,DOLORES HIGH SCHOOL,DOLORES RE-4A,2208,1.0,2.0,2.0,2.0
436,2070,DISTRICT RESULTS,MANCOS RE-6,0,1.0,2.0,2.0,2.0
437,2070,MANCOS HIGH SCHOOL,MANCOS RE-6,5452,1.0,2.0,2.0,2.0
438,2180,DISTRICT RESULTS,MONTROSE COUNTY RE-1J,0,1.0,2.0,2.0,2.0
439,2180,MONTROSE HIGH SCHOOL,MONTROSE COUNTY RE-1J,6058,1.0,2.0,2.0,2.0
440,2180,OLATHE HIGH SCHOOL,MONTROSE COUNTY RE-1J,6494,2.0,2.0,2.0,2.0
441,2180,PASSAGE CHARTER SCHOOL,MONTROSE COUNTY RE-1J,6807,,,,
442,2180,VISTA CHARTER SCHOOL,MONTROSE COUNTY RE-1J,9149,2.0,2.0,2.0,2.0
443,2190,DISTRICT RESULTS,WEST END RE-2,0,2.0,2.0,2.0,2.0
444,2190,NUCLA HIGH SCHOOL,WEST END RE-2,6436,2.0,2.0,2.0,2.0
445,2395,BRUSH HIGH SCHOOL,BRUSH RE-2J,1096,1.0,2.0,2.0,2.0
446,2395,DISTRICT RESULTS,BRUSH RE-2J,0,1.0,2.0,2.0,2.0
447,2405,DISTRICT RESULTS,FORT MORGAN RE-3,0,2.0,2.0,2.0,2.0
448,2405,FORT MORGAN HIGH SCHOOL,FORT MORGAN RE-3,3078,2.0,2.0,2.0,2.0
449,2405,LINCOLN HIGH SCHOOL,FORT MORGAN RE-3,5180,,,,
450,2505,DISTRICT RESULTS,WELDON VALLEY RE-20,0,,,,
451,2505,WELDON VALLEY HIGH SCHOOL,WELDON VALLEY RE-20,9360,,,,
452,2515,DISTRICT RESULTS,WIGGINS RE-50J,0,2.0,2.0,2.0,2.0
453,2515,WIGGINS HIGH SCHOOL,WIGGINS RE-50J,9582,2.0,2.0,2.0,2.0
454,2520,DISTRICT RESULTS,EAST OTERO R-1,0,2.0,2.0,2.0,2.0
455,2520,LA JUNTA JR/SR HIGH SCHOOL,EAST OTERO R-1,5015,2.0,2.0,2.0,2.0
456,2530,DISTRICT RESULTS,ROCKY FORD R-2,0,2.0,2.0,2.0,2.0
457,2530,ROCKY FORD JUNIOR/SENIOR HIGH SCHOO,ROCKY FORD R-2,7442,2.0,2.0,2.0,2.0
458,2535,DISTRICT RESULTS,MANZANOLA 3-J,0,,,,
459,2535,MANZANOLA JUNIOR-SENIOR HIGH SCHOOL,MANZANOLA 3-J,5506,,,,
460,2540,DISTRICT RESULTS,FOWLER R-4J,0,1.0,2.0,2.0,2.0
461,2540,FOWLER HIGH SCHOOL,FOWLER R-4J,3134,1.0,2.0,2.0,2.0
462,2560,CHERAW HIGH SCHOOL,CHERAW 31,1546,,,,
463,2560,DISTRICT RESULTS,CHERAW 31,0,,,,
464,2570,DISTRICT RESULTS,SWINK 33,0,1.0,2.0,1.0,2.0
465,2570,SWINK JUNIOR-SENIOR HIGH SCHOOL,SWINK 33,8456,1.0,2.0,1.0,2.0
466,2580,DISTRICT RESULTS,OURAY R-1,0,,,,
467,2580,OURAY SENIOR HIGH SCHOOL,OURAY R-1,6600,,,,
468,2590,DISTRICT RESULTS,RIDGWAY R-2,0,1.0,1.0,1.0,2.0
469,2590,RIDGWAY HIGH SCHOOL,RIDGWAY R-2,7346,1.0,1.0,1.0,2.0
470,2600,DISTRICT RESULTS,PLATTE CANYON 1,0,1.0,2.0,2.0,2.0
471,2600,PLATTE CANYON HIGH SCHOOL,PLATTE CANYON 1,7046,1.0,2.0,2.0,2.0
472,2610,DISTRICT RESULTS,PARK COUNTY RE-2,0,1.0,2.0,1.0,2.0
473,2610,SOUTH PARK HIGH SCHOOL,PARK COUNTY RE-2,8118,1.0,2.0,1.0,2.0
474,2620,DISTRICT RESULTS,HOLYOKE RE-1J,0,2.0,2.0,2.0,2.0
475,2620,HOLYOKE SENIOR HIGH SCHOOL,HOLYOKE RE-1J,4080,2.0,2.0,2.0,2.0
476,2630,DISTRICT RESULTS,HAXTUN RE-2J,0,2.0,2.0,2.0,2.0
477,2630,HAXTUN HIGH SCHOOL,HAXTUN RE-2J,3850,2.0,2.0,2.0,2.0
478,2640,ASPEN HIGH SCHOOL,ASPEN 1,432,1.0,1.0,1.0,2.0
479,2640,DISTRICT RESULTS,ASPEN 1,0,1.0,1.0,1.0,2.0
480,2650,DISTRICT RESULTS,GRANADA RE-1,0,2.0,2.0,2.0,2.0
481,2650,GRANADA UNDIVIDED HIGH SCHOOL,GRANADA RE-1,3546,2.0,2.0,2.0,2.0
482,2660,DISTRICT RESULTS,LAMAR RE-2,0,2.0,2.0,2.0,2.0
483,2660,LAMAR HIGH SCHOOL,LAMAR RE-2,4960,2.0,2.0,2.0,2.0
484,2670,DISTRICT RESULTS,HOLLY RE-3,0,1.0,2.0,2.0,2.0
485,2670,HOLLY HIGH SCHOOL,HOLLY RE-3,4058,1.0,2.0,2.0,2.0
486,2680,DISTRICT RESULTS,WILEY RE-13JT,0,1.0,2.0,2.0,2.0
487,2680,WILEY JUNIOR-SENIOR HIGH SCHOOL,WILEY RE-13JT,9608,1.0,2.0,2.0,2.0
488,2690,CENTENNIAL HIGH SCHOOL,PUEBLO CITY 60,1402,1.0,2.0,2.0,2.0
489,2690,CENTRAL HIGH SCHOOL,PUEBLO CITY 60,1454,2.0,2.0,2.0,2.0
490,2690,DISTRICT RESULTS,PUEBLO CITY 60,0,1.0,2.0,2.0,2.0
491,2690,DOLORES HUERTA PREPARATORY HIGH SCHOOL,PUEBLO CITY 60,2217,2.0,2.0,2.0,2.0
492,2690,EAST HIGH SCHOOL,PUEBLO CITY 60,2394,1.0,2.0,2.0,2.0
493,2690,SOUTH HIGH SCHOOL,PUEBLO CITY 60,8082,1.0,2.0,2.0,2.0
494,2700,70 ONLINE,PUEBLO COUNTY RURAL 70,5990,,,,
495,2700,DISTRICT RESULTS,PUEBLO COUNTY RURAL 70,0,1.0,2.0,2.0,2.0
496,2700,PUEBLO COUNTY HIGH SCHOOL,PUEBLO COUNTY RURAL 70,7208,1.0,2.0,2.0,2.0
497,2700,PUEBLO WEST HIGH SCHOOL,PUEBLO COUNTY RURAL 70,7214,1.0,2.0,2.0,2.0
498,2700,RYE HIGH SCHOOL,PUEBLO COUNTY RURAL 70,7534,1.0,2.0,2.0,2.0
499,2700,SOUTHERN COLORADO EARLY COLLEGE,PUEBLO COUNTY RURAL 70,7879,1.0,2.0,2.0,2.0
500,2710,DISTRICT RESULTS,MEEKER RE-1,0,1.0,2.0,2.0,2.0
501,2710,MEEKER HIGH SCHOOL,MEEKER RE-1,5762,1.0,2.0,2.0,2.0
502,2720,DISTRICT RESULTS,RANGELY RE-4,0,2.0,2.0,2.0,2.0
503,2720,RANGELY JUNIOR/SENIOR HIGH SCHOOL,RANGELY RE-4,7276,2.0,2.0,2.0,2.0
504,2730,DEL NORTE HIGH SCHOOL,DEL NORTE C7,2150,2.0,2.0,2.0,2.0
505,2730,DISTRICT RESULTS,DEL NORTE C7,0,2.0,2.0,2.0,2.0
506,2740,BYRON SYRING DELTA CENTER,MONTE VISTA C-8,6030,,,,
507,2740,DISTRICT RESULTS,MONTE VISTA C-8,0,2.0,2.0,2.0,2.0
508,2740,MONTE VISTA ON-LINE ACADEMY,MONTE VISTA C-8,6520,2.0,2.0,2.0,2.0
509,2740,MONTE VISTA SENIOR HIGH SCHOOL,MONTE VISTA C-8,6046,2.0,2.0,2.0,2.0
510,2750,DISTRICT RESULTS,SARGENT RE-33,0,2.0,2.0,2.0,2.0
511,2750,SARGENT SENIOR HIGH SCHOOL,SARGENT RE-33,7664,2.0,2.0,2.0,2.0
512,2760,DISTRICT RESULTS,HAYDEN RE-1,0,2.0,2.0,2.0,2.0
513,2760,HAYDEN HIGH SCHOOL,HAYDEN RE-1,3862,2.0,2.0,2.0,2.0
514,2770,DISTRICT RESULTS,STEAMBOAT SPRINGS RE-2,0,1.0,2.0,1.0,2.0
515,2770,STEAMBOAT SPRINGS HIGH SCHOOL,STEAMBOAT SPRINGS RE-2,8212,1.0,2.0,1.0,2.0
516,2770,YAMPA VALLEY SCHOOL,STEAMBOAT SPRINGS RE-2,9757,,,,
517,2780,DISTRICT RESULTS,SOUTH ROUTT RE-3,0,1.0,1.0,1.0,2.0
518,2780,SOROCO HIGH SCHOOL,SOUTH ROUTT RE-3,8050,1.0,1.0,1.0,2.0
519,2790,DISTRICT RESULTS,MOUNTAIN VALLEY RE-1,0,,,,
520,2790,MOUNTAIN VALLEY SENIOR HIGH SCHOOL,MOUNTAIN VALLEY RE-1,6146,,,,
521,2800,CRESTONE CHARTER SCHOOL,MOFFAT 2,2018,,,,
522,2800,DISTRICT RESULTS,MOFFAT 2,0,2.0,2.0,2.0,2.0
523,2800,MOFFAT SENIOR HIGH SCHOOL,MOFFAT 2,5958,,,,
524,2810,CENTER HIGH SCHOOL,CENTER 26-JT,1420,2.0,2.0,2.0,2.0
525,2810,DISTRICT RESULTS,CENTER 26-JT,0,2.0,2.0,2.0,2.0
526,2810,THE ACADEMIC RECOVERY CENTER OF SAN LUIS VALLEY,CENTER 26-JT,51,,,,
527,2820,DISTRICT RESULTS,SILVERTON 1,0,,,,
528,2820,SILVERTON HIGH SCHOOL,SILVERTON 1,7904,,,,
529,2830,DISTRICT RESULTS,TELLURIDE R-1,0,1.0,2.0,1.0,2.0
530,2830,TELLURIDE HIGH SCHOOL,TELLURIDE R-1,8794,1.0,2.0,1.0,2.0
531,2840,DISTRICT RESULTS,NORWOOD R-2J,0,1.0,2.0,2.0,2.0
532,2840,NORWOOD HIGH SCHOOL,NORWOOD R-2J,6422,1.0,2.0,2.0,2.0
533,2862,DISTRICT RESULTS,JULESBURG RE-1,0,2.0,2.0,2.0,2.0
534,2862,INSIGHT SCHOOL OF COLORADO AT JULES,JULESBURG RE-1,4369,2.0,2.0,2.0,2.0
535,2862,JULESBURG HIGH SCHOOL,JULESBURG RE-1,4492,2.0,2.0,2.0,2.0
536,2865,DISTRICT RESULTS,PLATTE VALLEY RE-3,0,,,,
537,2865,REVERE JUNIOR-SENIOR HIGH SCHOOL,PLATTE VALLEY RE-3,7322,,,,
538,3000,DISTRICT RESULTS,SUMMIT RE-1,0,1.0,2.0,2.0,2.0
539,3000,SNOWY PEAKS HIGH SCHOOL,SUMMIT RE-1,8375,2.0,2.0,2.0,2.0
540,3000,SUMMIT HIGH SCHOOL,SUMMIT RE-1,8378,1.0,2.0,2.0,2.0
541,3010,CRIPPLE CREEK-VICTOR JUNIOR-SENIOR,CRIPPLE CREEK-VICTOR RE-1,2024,1.0,2.0,2.0,2.0
542,3010,DISTRICT RESULTS,CRIPPLE CREEK-VICTOR RE-1,0,1.0,2.0,2.0,2.0
543,3020,DISTRICT RESULTS,WOODLAND PARK RE-2,0,1.0,2.0,2.0,2.0
544,3020,WOODLAND PARK HIGH SCHOOL,WOODLAND PARK RE-2,9696,1.0,2.0,2.0,2.0
545,3030,AKRON HIGH SCHOOL,AKRON R-1,90,1.0,2.0,2.0,2.0
546,3030,DISTRICT RESULTS,AKRON R-1,0,1.0,2.0,2.0,2.0
547,3040,ARICKAREE UNDIVIDED HIGH SCHOOL,ARICKAREE R-2,308,,,,
548,3040,DISTRICT RESULTS,ARICKAREE R-2,0,,,,
549,3050,DISTRICT RESULTS,OTIS R-3,0,,,,
550,3050,OTIS JUNIOR-SENIOR HIGH SCHOOL,OTIS R-3,6586,,,,
551,3060,DISTRICT RESULTS,LONE STAR 101,0,,,,
552,3060,LONE STAR UNDIVIDED HIGH SCHOOL,LONE STAR 101,5258,,,,
553,3070,DISTRICT RESULTS,WOODLIN R-104,0,,,,
554,3070,WOODLIN UNDIVIDED HIGH SCHOOL,WOODLIN R-104,9704,,,,
555,3080,DISTRICT RESULTS,WELD COUNTY RE-1,0,2.0,2.0,2.0,2.0
556,3080,VALLEY HIGH SCHOOL,WELD COUNTY RE-1,9032,2.0,2.0,2.0,2.0
557,3085,DISTRICT RESULTS,EATON RE-2,0,1.0,2.0,2.0,2.0
558,3085,EATON HIGH SCHOOL,EATON RE-2,2456,1.0,2.0,2.0,2.0
559,3090,DISTRICT RESULTS,WELD COUNTY RE-3(J) (KEENSBURG),0,2.0,2.0,2.0,2.0
560,3090,WELD CENTRAL SENIOR HIGH SCHOOL,WELD COUNTY RE-3(J) (KEENSBURG),1446,2.0,2.0,2.0,2.0
561,3100,DISTRICT RESULTS,WELD COUNTY 4 (WINDSOR),0,1.0,2.0,2.0,2.0
562,3100,WINDSOR HIGH SCHOOL,WELD COUNTY 4 (WINDSOR),9672,1.0,2.0,2.0,2.0
563,3110,DISTRICT RESULTS,WELD COUNTY RE-5J (JOHNSTOWN-MILLIKEN),0,2.0,2.0,2.0,2.0
564,3110,ROOSEVELT HIGH SCHOOL,WELD COUNTY RE-5J (JOHNSTOWN-MILLIKEN),7490,2.0,2.0,2.0,2.0
565,3120,DISTRICT RESULTS,WELD COUNTY 6 (GREELEY),0,2.0,2.0,2.0,2.0
566,3120,FRONTIER CHARTER ACADEMY,WELD COUNTY 6 (GREELEY),1875,1.0,2.0,2.0,2.0
567,3120,GREELEY CENTRAL HIGH SCHOOL,WELD COUNTY 6 (GREELEY),3610,2.0,2.0,2.0,2.0
568,3120,GREELEY WEST HIGH SCHOOL,WELD COUNTY 6 (GREELEY),3614,2.0,2.0,2.0,2.0
569,3120,JEFFERSON HIGH SCHOOL,WELD COUNTY 6 (GREELEY),4425,2.0,2.0,2.0,2.0
570,3120,NORTHRIDGE HIGH SCHOOL,WELD COUNTY 6 (GREELEY),6364,2.0,2.0,2.0,2.0
571,3120,UNION COLONY PREPARATORY SCHOOL,WELD COUNTY 6 (GREELEY),8965,1.0,2.0,1.0,2.0
572,3120,UNIVERSITY SCHOOLS,WELD COUNTY 6 (GREELEY),2850,1.0,2.0,2.0,2.0
573,3130,DISTRICT RESULTS,PLATTE VALLEY RE-7,0,2.0,2.0,2.0,2.0
574,3130,PLATTE VALLEY HIGH SCHOOL,PLATTE VALLEY RE-7,4670,2.0,2.0,2.0,2.0
575,3140,DISTRICT RESULTS,WELD RE-8 (FT. LUPTON),0,2.0,2.0,2.0,2.0
576,3140,FORT LUPTON HIGH SCHOOL,WELD RE-8 (FT. LUPTON),3070,2.0,2.0,2.0,2.0
577,3145,DISTRICT RESULTS,WELD COUNTY RE-9 (AULT-HIGHLAND),0,2.0,2.0,2.0,2.0
578,3145,HIGHLAND HIGH SCHOOL,WELD COUNTY RE-9 (AULT-HIGHLAND),3962,2.0,2.0,2.0,2.0
579,3146,BRIGGSDALE UNDIVIDED HIGH SCHOOL,WELD COUNTY RE 10J (BRIGGSDALE),1012,,,,
580,3146,DISTRICT RESULTS,WELD COUNTY RE 10J (BRIGGSDALE),0,,,,
581,3147,DISTRICT RESULTS,PRAIRIE RE-11,0,,,,
582,3147,PRAIRIE JUNIOR-SENIOR HIGH SCHOOL,PRAIRIE RE-11,7156,,,,
583,3148,DISTRICT RESULTS,PAWNEE RE-12,0,,,,
584,3148,PAWNEE JUNIOR-SENIOR HIGH SCHOOL,PAWNEE RE-12,6812,,,,
585,3200,DISTRICT RESULTS,YUMA 1,0,2.0,2.0,2.0,2.0
586,3200,YUMA HIGH SCHOOL,YUMA 1,9799,2.0,2.0,2.0,2.0
587,3210,DISTRICT RESULTS,WRAY RD-2,0,1.0,2.0,2.0,2.0
588,3210,WRAY HIGH SCHOOL,WRAY RD-2,9733,1.0,2.0,2.0,2.0
589,3220,DISTRICT RESULTS,IDALIA RJ-3,0,,,,
590,3220,IDALIA JUNIOR-SENIOR HIGH SCHOOL,IDALIA RJ-3,4231,,,,
591,3230,DISTRICT RESULTS,LIBERTY J-4,0,,,,
592,3230,LIBERTY JUNIOR-SENIOR HIGH SCHOOL,LIBERTY J-4,5123,,,,
593,8001,ANIMAS HIGH SCHOOL,CHARTER SCHOOL INSTITUTE,75,1.0,2.0,1.0,2.0
594,8001,CAPROCK ACADEMY,CHARTER SCHOOL INSTITUTE,1279,,,,
595,8001,COLORADO PROVOST ACADEMY,CHARTER SCHOOL INSTITUTE,1877,2.0,2.0,2.0,2.0
596,8001,COLORADO SPRINGS EARLY COLLEGES,CHARTER SCHOOL INSTITUTE,1795,1.0,2.0,2.0,2.0
597,8001,DISTRICT RESULTS,CHARTER SCHOOL INSTITUTE,0,1.0,2.0,2.0,2.0
598,8001,EARLY COLLEGE OF ARVADA,CHARTER SCHOOL INSTITUTE,2837,1.0,2.0,1.0,2.0
599,8001,GOAL ACADEMY,CHARTER SCHOOL INSTITUTE,3475,2.0,2.0,2.0,2.0
600,8001,GOAL GED PREP,CHARTER SCHOOL INSTITUTE,3387,,,,
601,8001,PIKES PEAK PREP,CHARTER SCHOOL INSTITUTE,8929,,,,
602,8001,THE PINNACLE CHARTER SCHOOL HIGH,CHARTER SCHOOL INSTITUTE,6914,1.0,2.0,2.0,2.0
603,8001,THE VANGUARD SCHOOL (HIGH),CHARTER SCHOOL INSTITUTE,9057,1.0,1.0,1.0,1.0
604,8001,THOMAS MACLAREN STATE CHARTER SCHOOl,CHARTER SCHOOL INSTITUTE,8825,,,,
605,8001,YOUTH & FAMILY ACADEMY CHARTER,CHARTER SCHOOL INSTITUTE,9785,2.0,2.0,2.0,2.0
606,9000,COLORAD SCHOOL FOR DEAF AND BLIND,COLORADO SCHOOL FOR THE DEAF AND BLIND,9999,2.0,2.0,2.0,2.0
607,9000,DISTRICT RESULTS,COLORADO SCHOOL FOR THE DEAF AND BLIND,0,2.0,2.0,2.0,2.0
608,9030,DISTRICT RESULTS,MOUNTAIN BOCES,0,2.0,2.0,2.0,2.0
609,9030,YAMPAH MOUNTAIN SCHOOL,MOUNTAIN BOCES,6134,2.0,2.0,2.0,2.0
610,9030,YAMPAH TEEN PARENT PROGRAM,MOUNTAIN BOCES,9797,,,,
611,9050,DISTRICT RESULTS,SAN JUAN BOCES,0,,,,
612,9050,SOUTHWEST COLORADO E-SCHOOL,SAN JUAN BOCES,8121,,,,
613,9130,DISTRICT RESULTS,EXPEDITIONARY BOCES,0,1.0,2.0,2.0,2.0
614,9130,ROCKY MTN SCHOOL OF EXPEDITIONARY L,EXPEDITIONARY BOCES,2840,1.0,2.0,2.0,2.0
